City Name,Latitude,Longitude,Temperature,Humidity,Cloudiness,Windspeed,Date
Mataura,-46.19,168.86,282.98,49,0,0.15,2020-07-19 01:35:41
Jamestown,42.1,-79.24,296.86,69,1,2.72,2020-07-19 01:35:41
Lüderitz,-26.65,15.16,291.15,25,0,2.1,2020-07-19 01:35:41
Ushuaia,-54.8,-68.3,273.15,94,75,4.1,2020-07-19 01:35:41
Rikitea,-23.12,-134.97,294.16,82,100,5.0,2020-07-19 01:35:41
Hobart,-42.88,147.33,286.93,54,20,3.1,2020-07-19 01:31:07
Vaini,-21.2,-175.2,299.15,83,75,6.2,2020-07-19 01:35:42
George Town,5.41,100.34,300.46,88,20,1.5,2020-07-19 01:35:42
Barrow,71.29,-156.79,276.15,74,90,5.1,2020-07-19 01:35:42
Krasnokamensk,50.1,118.04,288.3,86,98,5.12,2020-07-19 01:35:42
Kavieng,-2.57,150.8,301.51,74,85,3.15,2020-07-19 01:35:42
Saint-Philippe,-21.36,55.77,286.84,68,90,4.6,2020-07-19 01:35:42
Nome,64.5,-165.41,287.23,71,1,9.8,2020-07-19 01:35:42
Mahébourg,-20.41,57.7,293.15,72,40,7.2,2020-07-19 01:35:43
Ostrovnoy,68.05,39.51,288.67,60,1,7.25,2020-07-19 01:35:43
New Norfolk,-42.78,147.06,285.68,73,15,1.79,2020-07-19 01:35:43
Yumen,40.28,97.2,299.95,16,96,3.03,2020-07-19 01:35:43
Upernavik,72.79,-56.15,281.72,56,0,2.44,2020-07-19 01:35:43
Arraial do Cabo,-22.97,-42.03,294.34,76,0,7.44,2020-07-19 01:35:43
Nikolskoye,59.7,30.79,287.3,76,100,3.0,2020-07-19 01:35:44
Punta Arenas,-53.15,-70.92,274.98,74,99,6.7,2020-07-19 01:35:44
Hilo,19.73,-155.09,299.87,66,75,4.1,2020-07-19 01:35:44
Beloit,42.51,-89.03,302.21,74,20,5.1,2020-07-19 01:35:44
Erenhot,43.65,111.98,294.66,32,0,2.38,2020-07-19 01:35:45
Alta Floresta,-9.88,-56.09,296.69,51,0,1.76,2020-07-19 01:35:45
Molteno,-31.4,26.36,276.05,63,0,2.25,2020-07-19 01:34:05
Airai,-8.93,125.41,295.62,34,0,1.48,2020-07-19 01:35:45
Bambous Virieux,-20.34,57.76,292.62,72,40,7.2,2020-07-19 01:35:46
Geraldton,-28.77,114.6,285.15,87,90,3.6,2020-07-19 01:35:46
Atuona,-9.8,-139.03,299.24,80,47,7.35,2020-07-19 01:35:46
Grand Gaube,-20.01,57.66,292.04,79,53,2.24,2020-07-19 01:35:46
Saint-Augustin,51.23,-58.65,288.65,80,85,4.2,2020-07-19 01:35:46
Hay River,60.82,-115.8,296.15,53,75,1.5,2020-07-19 01:35:46
Trairi,-3.28,-39.27,297.53,85,6,4.89,2020-07-19 01:35:47
Port Alfred,-33.59,26.89,288.08,77,0,4.38,2020-07-19 01:33:12
Bredasdorp,-34.53,20.04,285.15,93,53,1.0,2020-07-19 01:34:05
Saskylakh,71.92,114.08,284.52,59,41,4.58,2020-07-19 01:35:47
Busselton,-33.65,115.33,285.72,68,100,1.33,2020-07-19 01:35:47
Ahipara,-35.17,173.17,288.41,86,100,5.62,2020-07-19 01:35:47
Olafsvik,64.89,-23.71,281.24,80,5,4.48,2020-07-19 01:35:47
Pevek,69.7,170.31,281.22,64,1,2.21,2020-07-19 01:35:48
Springbok,-29.66,17.89,283.12,41,0,2.89,2020-07-19 01:35:48
Longyearbyen,78.22,15.64,280.15,87,75,1.5,2020-07-19 01:35:48
Bengkulu,-3.8,102.27,300.66,71,100,1.1,2020-07-19 01:35:48
Mogadishu,2.04,45.34,297.88,79,89,9.07,2020-07-19 01:32:35
Kasangulu,-4.59,15.17,293.15,94,40,3.1,2020-07-19 01:35:49
Gewanē,10.17,40.65,295.71,76,100,8.18,2020-07-19 01:35:49
Butaritari,3.07,172.79,301.47,76,43,6.55,2020-07-19 01:35:49
Norman Wells,65.28,-126.83,293.15,64,75,4.6,2020-07-19 01:35:50
Anadyr,64.75,177.48,284.96,66,40,8.0,2020-07-19 01:34:03
Natal,-5.79,-35.21,294.65,100,20,1.5,2020-07-19 01:32:34
Albany,42.6,-73.97,297.23,64,59,1.69,2020-07-19 01:35:02
San Cristobal,7.77,-72.22,291.91,92,78,1.38,2020-07-19 01:35:50
Ibanda,-2.8,32.47,290.16,43,95,2.14,2020-07-19 01:35:50
Ponta do Sol,32.67,-17.1,294.09,79,32,0.86,2020-07-19 01:35:50
Kaitangata,-46.28,169.85,282.04,63,0,2.68,2020-07-19 01:35:51
Boa Vista,2.82,-60.67,300.15,78,40,2.1,2020-07-19 01:35:51
Ransang,8.96,117.58,303.63,61,85,0.8,2020-07-19 01:35:51
Batagay-Alyta,67.8,130.41,291.61,70,100,1.27,2020-07-19 01:35:51
Rome,43.21,-75.46,295.85,78,1,1.26,2020-07-19 01:35:51
Hithadhoo,-0.6,73.08,301.13,79,100,6.22,2020-07-19 01:35:51
Bethel,41.37,-73.41,296.26,78,1,2.1,2020-07-19 01:35:52
Bluff,-46.6,168.33,281.08,61,1,2.32,2020-07-19 01:35:52
Sim,54.99,57.7,294.78,80,63,1.21,2020-07-19 01:35:52
Saint George,37.1,-113.58,312.73,9,1,4.1,2020-07-19 01:35:23
Hasaki,35.73,140.83,299.08,88,75,2.1,2020-07-19 01:35:52
Khatanga,71.97,102.5,282.97,72,100,2.67,2020-07-19 01:35:52
Phan Thiet,10.93,108.1,302.4,70,67,0.73,2020-07-19 01:35:53
Tinglev,54.93,9.25,289.9,77,100,4.6,2020-07-19 01:35:53
Karratha,-20.74,116.85,294.3,60,0,3.23,2020-07-19 01:35:53
Carnarvon,-24.87,113.63,287.15,67,0,6.7,2020-07-19 01:35:53
Puerto Ayora,-0.74,-90.35,293.71,92,79,1.79,2020-07-19 01:35:53
Kibre Mengist,5.88,38.98,285.94,75,99,0.98,2020-07-19 01:35:53
Padang,-0.95,100.35,298.15,88,40,2.1,2020-07-19 01:35:53
Avarua,-21.21,-159.78,297.15,69,69,5.7,2020-07-19 01:35:37
Plettenberg Bay,-34.05,23.37,286.36,73,3,1.46,2020-07-19 01:35:54
Grand Bank,47.1,-55.77,287.1,100,75,6.7,2020-07-19 01:35:54
Avera,33.19,-82.53,301.73,62,1,1.5,2020-07-19 01:35:54
Sudak,44.85,34.97,294.38,82,11,4.76,2020-07-19 01:35:54
Clarksdale,34.2,-90.57,303.68,66,0,2.18,2020-07-19 01:35:54
Bansud,12.87,121.46,303.42,61,100,1.58,2020-07-19 01:35:54
Namatanai,-3.67,152.43,302.32,69,57,2.42,2020-07-19 01:35:55
Burgos,42.34,-3.71,289.65,82,0,1.52,2020-07-19 01:35:55
Cradock,-32.16,25.62,278.47,53,0,1.47,2020-07-19 01:35:55
Horsham,51.06,-0.33,288.97,87,100,1.0,2020-07-19 01:35:55
Ridgecrest,35.62,-117.67,313.09,5,75,5.7,2020-07-19 01:35:56
Ola,59.58,151.28,291.19,48,0,3.33,2020-07-19 01:35:56
Lotofaga,-13.98,-171.86,300.18,79,8,9.05,2020-07-19 01:35:56
Saint Anthony,45.02,-93.22,302.35,66,90,6.2,2020-07-19 01:35:56
Lakki,32.61,70.91,309.01,35,0,3.05,2020-07-19 01:35:56
Bariloche,-41.15,-71.31,277.15,93,90,1.5,2020-07-19 01:32:51
Lata,40.16,-8.33,291.74,79,0,0.76,2020-07-19 01:35:57
Doha,25.29,51.53,308.34,67,0,3.1,2020-07-19 01:34:02
Ilulissat,69.22,-51.1,285.15,37,100,1.5,2020-07-19 01:35:57
Hualmay,-11.1,-77.61,288.12,84,9,3.59,2020-07-19 01:35:57
Qaanaaq,77.48,-69.36,281.62,74,98,0.46,2020-07-19 01:35:57
Rypefjord,70.63,23.67,286.15,71,96,5.1,2020-07-19 01:35:57
Hong Kong,22.29,114.16,304.47,62,100,5.36,2020-07-19 01:35:18
Iqaluit,63.75,-68.51,282.09,93,75,3.37,2020-07-19 01:35:58
Saint Paul Harbor,57.79,-152.41,291.15,68,90,4.1,2020-07-19 01:35:58
Kruisfontein,-34.0,24.73,283.02,81,0,2.34,2020-07-19 01:35:58
Dakar,14.69,-17.44,300.15,88,40,4.1,2020-07-19 01:31:39
Malanje,-9.54,16.34,283.57,48,0,2.41,2020-07-19 01:35:58
Poplar Bluff,36.76,-90.39,303.06,66,1,2.6,2020-07-19 01:35:58
Vila Velha,-20.33,-40.29,292.39,88,40,1.0,2020-07-19 01:35:59
Lubango,-14.92,13.49,281.49,52,0,3.83,2020-07-19 01:35:59
Port Blair,11.67,92.75,301.83,73,83,3.13,2020-07-19 01:33:13
La Ronge,55.1,-105.28,290.15,93,75,3.6,2020-07-19 01:35:59
Yārāda,17.65,83.27,300.15,88,40,2.1,2020-07-19 01:35:59
Hervey Bay,-25.3,152.85,294.82,59,0,3.13,2020-07-19 01:35:59
Chokurdakh,70.63,147.92,291.31,34,0,6.09,2020-07-19 01:35:59
Tessalit,20.2,1.01,301.53,53,49,5.95,2020-07-19 01:36:00
Kismayo,-0.36,42.55,298.02,77,97,8.47,2020-07-19 01:36:00
Tingo María,-9.29,-76.01,294.09,82,23,0.59,2020-07-19 01:36:00
Lompoc,34.64,-120.46,291.84,68,0,6.2,2020-07-19 01:36:00
Saint-Pierre,-21.34,55.48,287.42,68,90,4.6,2020-07-19 01:36:00
Saint-Leu,-21.15,55.28,286.68,68,90,4.6,2020-07-19 01:36:00
Labuhan,-6.88,112.21,300.58,71,0,3.25,2020-07-19 01:36:00
Bubaque,11.28,-15.83,297.79,94,100,5.6,2020-07-19 01:36:01
Tranås,58.04,14.98,285.79,87,100,1.5,2020-07-19 01:36:01
Pareora,-44.49,171.21,282.59,97,81,2.83,2020-07-19 01:36:01
Cape Town,-33.93,18.42,284.5,93,0,2.6,2020-07-19 01:33:19
Linxia Chengguanzhen,35.6,103.21,291.49,48,0,0.47,2020-07-19 01:36:01
Jieshi,22.81,115.83,302.95,76,89,6.13,2020-07-19 01:36:01
High Level,58.52,-117.14,295.15,56,75,4.6,2020-07-19 01:36:01
Châteauroux,46.82,1.7,288.15,77,0,1.88,2020-07-19 01:32:12
Karligan,14.97,122.05,302.12,76,100,3.62,2020-07-19 01:36:02
Sawākin,19.11,37.33,301.97,36,2,1.66,2020-07-19 01:36:02
Kupang,-10.17,123.58,302.15,48,20,3.6,2020-07-19 01:36:02
Bumba,2.18,22.47,294.3,93,98,0.78,2020-07-19 01:36:02
Starogard Gdański,53.96,18.53,287.81,100,0,1.0,2020-07-19 01:36:02
Maniitsoq,65.42,-52.9,283.37,71,81,4.91,2020-07-19 01:36:03
Jalu,29.03,21.55,297.2,53,0,4.07,2020-07-19 01:36:03
Rutland,43.62,-73.02,295.61,61,1,3.1,2020-07-19 01:36:03
North Bend,43.41,-124.22,292.0,82,1,11.8,2020-07-19 01:36:03
Hermanus,-34.42,19.23,283.71,93,12,0.45,2020-07-19 01:36:03
Zhigansk,66.77,123.37,293.11,56,1,4.87,2020-07-19 01:36:03
Chulucanas,-5.09,-80.16,292.8,67,0,4.01,2020-07-19 01:36:03
Tuktoyaktuk,69.45,-133.04,279.15,93,90,6.2,2020-07-19 01:36:03
Novo Cruzeiro,-17.47,-41.88,285.96,97,62,1.4,2020-07-19 01:36:04
São João da Barra,-21.64,-41.05,293.61,75,0,2.7,2020-07-19 01:36:04
Kang,-23.68,22.79,280.05,53,0,2.83,2020-07-19 01:36:04
Cabo San Lucas,22.89,-109.91,303.37,35,5,5.1,2020-07-19 01:36:04
Coyhaique,-45.58,-72.07,273.15,93,90,1.5,2020-07-19 01:36:04
Cayenne,4.93,-52.33,298.15,100,77,1.0,2020-07-19 01:36:05
Virginia Beach,36.85,-75.98,300.27,83,40,2.91,2020-07-19 01:33:58
Bridlington,54.08,-0.19,286.42,72,79,1.5,2020-07-19 01:36:05
Vardø,70.37,31.11,283.63,87,100,2.1,2020-07-19 01:36:05
Xinqing,48.23,129.5,300.94,67,79,2.87,2020-07-19 01:36:05
Soyo,-6.13,12.37,294.41,90,0,1.6,2020-07-19 01:36:05
Tautira,-17.73,-149.15,300.15,65,75,2.1,2020-07-19 01:36:05
Liku,-0.73,119.89,303.43,58,85,0.59,2020-07-19 01:36:06
Wellington,-41.29,174.78,286.35,67,100,3.1,2020-07-19 01:36:06
Comodoro Rivadavia,-45.87,-67.5,279.15,93,75,3.1,2020-07-19 01:36:06
Santa Maria,-29.68,-53.81,298.15,61,0,5.1,2020-07-19 01:31:45
Meulaboh,4.14,96.13,301.08,71,60,1.32,2020-07-19 01:36:06
Monrovia,6.3,-10.8,298.15,94,75,1.93,2020-07-19 01:36:06
Atamanovka,51.93,113.63,289.15,59,40,4.0,2020-07-19 01:36:06
Kapaa,22.08,-159.32,301.48,70,75,5.1,2020-07-19 01:32:08
Springdale,36.19,-94.13,302.52,58,1,4.6,2020-07-19 01:36:07
Tiznit Province,29.58,-9.5,299.55,29,0,0.63,2020-07-19 01:36:07
Severo-Kuril'sk,50.68,156.12,285.09,82,63,6.18,2020-07-19 01:36:07
Sandviken,60.62,16.77,288.71,81,69,0.45,2020-07-19 01:36:07
Yellowknife,62.46,-114.35,294.98,43,20,4.6,2020-07-19 01:36:07
San Juan,-31.54,-68.54,286.86,41,2,2.34,2020-07-19 01:36:07
Martapura,-3.42,114.85,300.15,83,20,0.3,2020-07-19 01:36:08
Camapuã,-19.53,-54.04,296.1,38,0,4.75,2020-07-19 01:36:08
Tabuk,17.42,121.44,302.67,66,71,2.57,2020-07-19 01:36:08
Tsiroanomandidy,-18.77,46.03,284.38,75,61,1.02,2020-07-19 01:36:08
Bonthe,7.53,-12.51,297.61,85,99,2.29,2020-07-19 01:36:08
Yerbogachën,61.28,108.01,287.19,71,22,2.55,2020-07-19 01:36:08
East London,-33.02,27.91,289.36,60,0,3.91,2020-07-19 01:36:08
Ribeira Grande,38.52,-28.7,293.68,78,11,3.81,2020-07-19 01:36:09
Calabozo,8.92,-67.43,296.73,94,99,0.86,2020-07-19 01:36:09
Wuning,29.26,120.23,306.2,60,63,3.4,2020-07-19 01:36:09
Portland,45.52,-122.68,300.95,37,1,6.2,2020-07-19 01:31:31
Ves'yegonsk,58.66,37.26,284.75,93,0,1.57,2020-07-19 01:36:09
Castro,-24.79,-50.01,287.18,91,0,1.6,2020-07-19 01:36:09
Mahbūbābād,17.62,80.02,301.17,80,48,1.67,2020-07-19 01:36:09
Broken Hill,-31.95,141.43,286.15,32,3,6.2,2020-07-19 01:36:09
São Filipe,14.9,-24.5,297.62,77,20,2.61,2020-07-19 01:36:10
Lethem,3.38,-59.8,297.73,83,77,1.65,2020-07-19 01:36:10
Lorengau,-2.02,147.27,301.78,72,43,2.55,2020-07-19 01:36:10
Laguna,38.42,-121.42,308.55,22,1,4.1,2020-07-19 01:36:10
Strășeni,47.14,28.61,295.15,53,99,3.1,2020-07-19 01:36:10
Ibrā’,22.69,58.53,302.71,61,1,2.97,2020-07-19 01:36:11
Nhulunbuy,-12.23,136.77,299.15,65,75,4.6,2020-07-19 01:36:11
Havelock,34.88,-76.9,301.67,32,20,3.1,2020-07-19 01:31:14
Abhā,18.22,42.51,294.08,42,92,5.15,2020-07-19 01:34:38
Crixás,-14.55,-49.97,294.48,48,0,2.74,2020-07-19 01:36:11
Fergus Falls,46.28,-96.08,297.43,65,1,4.6,2020-07-19 01:32:47
Neuquén,-38.95,-68.06,286.15,66,11,2.23,2020-07-19 01:33:19
Guerrero Negro,27.98,-114.06,295.02,73,0,8.27,2020-07-19 01:36:12
Egvekinot,66.32,-179.17,283.79,60,10,3.4,2020-07-19 01:36:12
Modakeke,7.38,4.27,294.04,98,99,1.23,2020-07-19 01:36:12
Kenora,49.82,-94.43,296.15,69,75,5.7,2020-07-19 01:36:12
Pombas,17.15,-25.02,298.15,73,75,4.6,2020-07-19 01:36:12
Kasongo-Lunda,-6.47,16.82,290.6,42,0,1.09,2020-07-19 01:36:13
Rawson,-43.3,-65.1,280.92,82,100,5.93,2020-07-19 01:36:13
Kiama,-34.68,150.87,290.08,54,25,0.89,2020-07-19 01:36:13
Mar del Plata,-38.0,-57.56,282.33,100,90,1.51,2020-07-19 01:35:19
Tigil',57.8,158.67,287.74,78,70,4.03,2020-07-19 01:36:13
Nanortalik,60.14,-45.24,281.29,79,54,1.51,2020-07-19 01:36:13
Dikson,73.51,80.55,277.38,95,100,2.64,2020-07-19 01:36:13
Puerto Rico,-26.8,-55.02,292.59,83,0,2.11,2020-07-19 01:36:13
Biak,-0.91,122.88,300.79,72,32,2.96,2020-07-19 01:36:14
Baghdad,33.34,44.4,302.15,26,0,2.6,2020-07-19 01:31:48
Tuatapere,-46.13,167.68,283.4,48,2,0.98,2020-07-19 01:36:14
Bathsheba,13.22,-59.52,301.15,78,40,6.2,2020-07-19 01:36:14
Tasiilaq,65.61,-37.64,280.15,81,68,2.1,2020-07-19 01:36:14
Constitución,-35.33,-72.42,285.84,89,94,4.37,2020-07-19 01:33:20
Puerto Nariño,-3.77,-70.38,298.15,100,40,1.5,2020-07-19 01:36:15
Kilindoni,-7.91,39.67,298.12,71,6,10.55,2020-07-19 01:36:15
Charlestown,-32.95,151.67,290.15,66,0,3.58,2020-07-19 01:36:15
Burdur,37.72,30.29,294.15,60,0,1.22,2020-07-19 01:36:15
Alofi,-19.06,-169.92,301.15,65,92,5.1,2020-07-19 01:36:15
Provideniya,64.38,-173.3,283.04,63,6,2.54,2020-07-19 01:36:16
Rāikot,30.65,75.6,307.21,51,32,2.76,2020-07-19 01:36:16
Ocós,14.51,-92.19,301.15,83,75,1.0,2020-07-19 01:36:16
Midland,32.0,-102.08,308.0,24,1,6.7,2020-07-19 01:36:16
Maxixe,-23.86,35.35,290.01,79,17,1.31,2020-07-19 01:36:16
Timmins,48.47,-81.33,293.15,100,75,2.1,2020-07-19 01:31:45
Sokoto,13.06,5.24,298.43,72,94,3.56,2020-07-19 01:36:16
Tura,25.52,90.22,298.48,94,95,3.44,2020-07-19 01:36:16
Aksu,41.12,80.26,298.69,37,99,2.66,2020-07-19 01:36:16
Kavaratti,10.57,72.64,301.24,76,100,8.73,2020-07-19 01:36:17
Dzerzhinsk,56.24,43.46,289.21,100,40,2.14,2020-07-19 01:36:17
Vestmanna,62.16,-7.17,281.15,100,91,5.1,2020-07-19 01:36:17
Letlhakeng,-24.09,25.03,280.33,53,0,1.18,2020-07-19 01:36:17
Roald,62.58,6.13,285.26,71,1,5.7,2020-07-19 01:36:17
Kaeo,-35.1,173.78,288.15,3,100,4.47,2020-07-19 01:36:18
Clyde River,70.47,-68.59,279.15,87,90,5.7,2020-07-19 01:36:18
Taksimo,56.34,114.88,286.75,73,100,1.65,2020-07-19 01:36:18
Acaraú,-2.89,-40.12,298.86,77,1,6.28,2020-07-19 01:36:18
Hopkinsville,36.87,-87.49,302.22,70,1,2.1,2020-07-19 01:36:18
Hamilton,39.18,-84.53,302.27,66,40,2.6,2020-07-19 01:35:30
Rio Grande,-32.03,-52.1,294.26,80,1,0.45,2020-07-19 01:36:18
Hirara,24.8,125.28,300.97,83,75,5.7,2020-07-19 01:36:18
Tiksi,71.69,128.87,284.07,97,100,3.89,2020-07-19 01:36:19
Vestmannaeyjar,63.44,-20.27,282.34,75,64,10.88,2020-07-19 01:36:19
Half Moon Bay,37.46,-122.43,295.84,47,5,3.6,2020-07-19 01:36:19
Pemba,-12.97,40.52,293.49,81,0,7.24,2020-07-19 01:36:19
Cascais,38.7,-9.42,291.23,94,0,3.42,2020-07-19 01:36:19
Palmer,42.16,-72.33,295.26,83,20,1.25,2020-07-19 01:32:21
Saint-François,46.42,3.91,286.05,87,27,1.0,2020-07-19 01:36:19
Staryy Nadym,65.61,72.68,285.96,86,98,3.21,2020-07-19 01:36:20
Ejura,7.39,-1.36,294.59,97,90,2.15,2020-07-19 01:36:20
Ambilobe,-13.2,49.05,289.17,66,41,1.7,2020-07-19 01:36:20
Tateyama,34.98,139.87,297.21,94,75,4.6,2020-07-19 01:36:20
Chui,-33.7,-53.46,290.17,93,19,2.64,2020-07-19 01:36:20
Klaksvík,62.23,-6.59,281.15,100,86,5.1,2020-07-19 01:36:21
Menongue,-14.66,17.69,277.93,69,0,1.69,2020-07-19 01:36:21
Terrace Bay,48.78,-87.1,286.96,100,47,2.01,2020-07-19 01:36:21
Kapoeta,4.77,33.59,294.56,83,100,1.49,2020-07-19 01:36:21
Araouane,18.9,-3.53,301.7,59,95,8.19,2020-07-19 01:36:21
Henties Bay,-22.12,14.28,292.04,20,0,0.89,2020-07-19 01:36:21
Merauke,-8.47,140.33,299.44,74,76,4.09,2020-07-19 01:36:21
Leningradskiy,69.38,178.42,278.52,74,17,4.86,2020-07-19 01:36:22
Dukat,62.55,155.55,285.58,67,95,5.98,2020-07-19 01:36:22
Loudi,27.73,111.99,298.88,94,100,1.23,2020-07-19 01:36:22
Broome,42.25,-75.83,296.99,47,1,2.6,2020-07-19 01:36:22
Auki,-8.77,160.7,302.95,62,60,1.9,2020-07-19 01:36:22
Mackenzie,55.3,-123.17,290.15,72,90,3.1,2020-07-19 01:36:22
Grand-Santi,4.25,-54.38,295.93,95,100,1.2,2020-07-19 01:36:23
Lusaka,-15.41,28.29,282.7,87,0,4.08,2020-07-19 01:36:11
San Patricio,19.22,-104.7,301.15,74,20,5.1,2020-07-19 01:36:23
Ulladulla,-35.35,150.47,287.56,54,76,6.2,2020-07-19 01:36:23
Sola,-13.88,167.55,301.15,88,90,2.24,2020-07-19 01:36:24
Gornopravdinsk,60.05,69.9,296.94,73,48,2.91,2020-07-19 01:36:24
Abalak,58.13,68.59,297.07,72,11,1.74,2020-07-19 01:36:24
Souillac,-20.52,57.52,293.15,72,40,7.2,2020-07-19 01:36:24
Sioux Lookout,50.1,-91.92,299.15,54,75,2.1,2020-07-19 01:36:24
Vallenar,-28.57,-70.76,287.54,61,99,0.32,2020-07-19 01:36:24
Fort Nelson,58.81,-122.7,298.15,38,75,1.5,2020-07-19 01:36:25
Santa Rosa,14.31,121.11,304.12,66,20,3.1,2020-07-19 01:36:25
Port Hardy,50.7,-127.42,290.15,82,90,5.1,2020-07-19 01:36:25
Katsuura,35.13,140.3,297.88,94,75,4.6,2020-07-19 01:36:25
Malindi,-3.22,40.12,298.47,70,68,10.15,2020-07-19 01:36:25
Rūdbār,30.15,62.6,301.2,25,0,5.76,2020-07-19 01:36:26
Torres,-29.34,-49.73,291.27,89,0,2.77,2020-07-19 01:36:26
Rocha,-34.48,-54.33,289.87,92,100,2.32,2020-07-19 01:36:26
Mayskiy,47.69,40.1,290.15,82,0,4.0,2020-07-19 01:36:26
Bograd,54.23,90.83,289.15,77,0,1.0,2020-07-19 01:36:26
Tamiahua,21.27,-97.45,299.22,85,0,2.95,2020-07-19 01:36:27
Baturaden,-7.3,109.22,295.9,77,25,1.01,2020-07-19 01:36:27
Khovu-Aksy,51.13,93.6,291.07,53,0,1.33,2020-07-19 01:36:27
Chingirlau,51.09,54.08,294.04,82,100,5.7,2020-07-19 01:36:27
Jumla,29.27,82.18,292.29,71,77,1.32,2020-07-19 01:36:27
Ghanzi,-21.57,21.78,279.87,58,0,3.37,2020-07-19 01:36:27
Kahului,20.89,-156.47,301.48,49,20,9.8,2020-07-19 01:34:17
Mackay,-21.15,149.2,292.92,77,90,5.1,2020-07-19 01:36:28
Abu Samrah,35.3,37.18,291.77,63,0,2.93,2020-07-19 01:36:28
Tromsø,69.65,18.96,285.15,76,87,7.2,2020-07-19 01:36:28
Puerto Palomas,31.77,-107.62,306.15,21,1,10.3,2020-07-19 01:36:28
Faya,18.39,42.45,294.14,42,74,3.4,2020-07-19 01:36:28
Poltavka,54.37,71.76,296.43,69,71,1.7,2020-07-19 01:36:28
Faanui,-16.48,-151.75,297.19,83,71,10.0,2020-07-19 01:36:28
Río Gallegos,-51.62,-69.22,275.15,93,90,3.1,2020-07-19 01:33:40
Los Llanos de Aridane,28.66,-17.92,297.15,64,53,3.6,2020-07-19 01:36:29
Quelimane,-17.88,36.89,292.09,93,75,1.0,2020-07-19 01:36:29
Sompeta,18.93,84.6,302.51,77,100,4.59,2020-07-19 01:36:29
Villefranche-sur-Saône,45.98,4.72,289.24,67,35,1.14,2020-07-19 01:36:29
Riohacha,11.54,-72.91,300.62,76,9,4.7,2020-07-19 01:36:29
Ouésso,1.61,16.05,294.46,87,95,0.5,2020-07-19 01:36:30
Panjāb,34.39,67.02,287.42,52,0,2.23,2020-07-19 01:36:30
Torbay,47.67,-52.73,287.21,71,20,5.7,2020-07-19 01:36:30
Kamenka,51.32,42.77,286.75,96,0,1.9,2020-07-19 01:36:30
Repnoye,51.59,43.19,286.48,96,8,1.38,2020-07-19 01:36:30
Yangi Marg`ilon,40.43,71.72,297.15,44,0,1.24,2020-07-19 01:36:30
Esso,55.93,158.7,286.4,71,97,3.55,2020-07-19 01:36:31
Bahía Blanca,-38.72,-62.27,285.09,68,99,1.5,2020-07-19 01:36:31
Hazebrouck,50.72,2.54,286.0,86,97,2.05,2020-07-19 01:36:31
Winnemucca,40.97,-117.74,310.15,7,1,4.6,2020-07-19 01:33:04
Totness,5.88,-56.32,299.63,82,97,4.98,2020-07-19 01:36:31
Boquira,-12.82,-42.73,290.09,77,0,2.44,2020-07-19 01:36:31
Victor Harbor,-35.57,138.62,285.37,90,20,0.45,2020-07-19 01:36:31
Mercedes,-34.65,-59.43,286.62,99,100,3.1,2020-07-19 01:36:32
Photharam,13.69,99.85,303.1,78,95,1.99,2020-07-19 01:36:32
College,64.86,-147.8,290.73,63,75,4.1,2020-07-19 01:36:32
Laem Sing,12.48,102.07,301.15,81,99,2.33,2020-07-19 01:36:32
Banda Aceh,5.56,95.32,300.91,75,90,1.14,2020-07-19 01:36:32
Atar,20.52,-13.05,306.94,25,0,3.5,2020-07-19 01:36:32
Bom Sucesso,-21.03,-44.76,285.47,93,0,2.55,2020-07-19 01:36:32
Barcelos,41.54,-8.62,292.72,100,90,3.6,2020-07-19 01:36:32
Makkah al Mukarramah,21.43,39.83,301.46,22,33,3.06,2020-07-19 01:35:01
Trincomalee,8.57,81.23,300.89,74,100,3.09,2020-07-19 01:36:33
Necochea,-38.55,-58.74,279.82,97,39,1.05,2020-07-19 01:36:33
Carutapera,-1.2,-46.02,296.29,91,26,2.08,2020-07-19 01:36:33
Asău,46.43,26.4,291.16,88,92,2.1,2020-07-19 01:36:33
Okhotsk,59.38,143.3,288.83,82,100,2.24,2020-07-19 01:36:33
Kichera,55.94,110.1,289.76,48,67,1.76,2020-07-19 01:36:34
Warrington,53.39,-2.58,285.07,87,96,2.6,2020-07-19 01:36:07
Yerazgavors,40.7,43.75,290.15,77,1,1.0,2020-07-19 01:36:34
Mayfield,36.74,-88.64,301.19,83,1,2.6,2020-07-19 01:36:34
Yoichi,43.2,140.77,298.15,73,40,3.1,2020-07-19 01:36:34
Svobodnyy,51.4,128.13,302.97,44,7,5.62,2020-07-19 01:36:34
Puerto Baquerizo Moreno,-0.9,-89.6,293.36,92,64,6.27,2020-07-19 01:35:19
Burns Lake,54.23,-125.75,292.57,46,33,5.21,2020-07-19 01:36:35
Texarkana,33.43,-94.05,303.82,58,1,1.63,2020-07-19 01:32:00
Leer,8.3,30.14,294.71,95,100,1.61,2020-07-19 01:36:35
Mt. Pleasant,32.79,-79.86,301.05,83,75,1.5,2020-07-19 01:34:51
Kroya,-7.63,109.25,300.0,70,41,1.79,2020-07-19 01:36:35
Luanda,-8.84,13.23,293.15,94,75,2.1,2020-07-19 01:33:36
Svetlaya,46.54,138.33,294.56,70,100,3.33,2020-07-19 01:36:36
Vao,-22.67,167.48,294.31,72,1,7.44,2020-07-19 01:36:36
Weligama,5.97,80.42,300.54,81,97,5.21,2020-07-19 01:36:36
Mayo,38.89,-76.51,300.26,58,1,1.69,2020-07-19 01:36:36
Dawei,14.08,98.2,302.12,73,55,0.56,2020-07-19 01:36:36
Rodrigues Alves,-7.74,-72.65,297.97,70,69,0.15,2020-07-19 01:36:36
Kungurtug,50.6,97.52,291.04,43,15,0.71,2020-07-19 01:36:36
Grindavik,63.84,-22.43,281.15,81,75,5.7,2020-07-19 01:36:37
Ledyard Center,41.44,-72.01,296.22,94,1,1.94,2020-07-19 01:36:37
Ixtlahuacán de los Membrillos,20.35,-103.18,293.23,77,90,4.6,2020-07-19 01:36:37
Mossamedes,-15.2,12.15,291.47,77,2,0.98,2020-07-19 01:32:09
Kiunga,-6.12,141.29,298.56,89,100,1.37,2020-07-19 01:36:37
San Quintín,30.48,-115.95,294.51,74,0,7.49,2020-07-19 01:36:37
Chany,55.31,76.76,294.69,76,87,0.44,2020-07-19 01:36:37
Tartous,34.89,35.89,294.12,73,0,1.0,2020-07-19 01:36:38
Pahrump,36.21,-115.98,313.71,7,0,0.89,2020-07-19 01:36:25
Nizhniy Tsasuchey,50.52,115.13,285.19,85,100,6.3,2020-07-19 01:36:38
Forsytheganj,52.63,29.73,285.8,88,0,1.42,2020-07-19 01:36:38
Layou,13.2,-61.27,301.15,78,40,6.7,2020-07-19 01:36:38
Dunedin,-45.87,170.5,283.15,79,0,13.86,2020-07-19 01:35:20
Ponta Delgada,37.73,-25.67,293.15,82,20,4.1,2020-07-19 01:35:42
Lüshunkou,38.8,121.27,294.15,94,90,8.0,2020-07-19 01:36:38
Srednekolymsk,67.45,153.68,293.62,47,0,3.88,2020-07-19 01:36:39
Pine Bluff,34.23,-92.0,302.61,58,1,4.47,2020-07-19 01:34:36
Sayyan,15.17,44.32,291.16,45,100,1.7,2020-07-19 01:36:39
Dombarovskiy,50.76,59.54,300.74,47,32,2.11,2020-07-19 01:36:39
Amahai,-3.33,128.92,299.48,83,81,4.28,2020-07-19 01:36:39
Uromi,6.7,6.33,293.39,100,91,1.91,2020-07-19 01:36:39
Ankazobe,-18.32,47.12,283.15,81,75,5.7,2020-07-19 01:36:39
Almaznyy,48.04,40.05,290.15,82,0,4.0,2020-07-19 01:36:39
Opuwo,-18.06,13.84,283.64,44,0,5.63,2020-07-19 01:36:40
Xinzhou,38.41,112.73,296.89,41,65,2.62,2020-07-19 01:36:40
Khovd,48.01,91.64,294.51,42,93,1.27,2020-07-19 01:36:40
Miles City,46.41,-105.84,299.15,31,1,4.6,2020-07-19 01:36:40
Campestre,-21.71,-46.25,286.04,86,0,2.05,2020-07-19 01:36:40
Sechelt,49.47,-123.77,297.9,62,0,1.79,2020-07-19 01:33:44
Shelburne,44.08,-80.2,299.15,57,1,3.1,2020-07-19 01:36:40
Lebu,-37.62,-73.65,285.03,87,100,6.45,2020-07-19 01:36:41
St. George's,12.06,-61.75,301.15,78,20,5.1,2020-07-19 01:36:41
Dhidhdhoo,6.88,73.1,301.82,74,99,10.45,2020-07-19 01:34:06
Uruçuí,-7.23,-44.56,299.07,46,10,3.53,2020-07-19 01:36:41
Yerofey Pavlovich,53.97,121.97,292.97,89,98,4.13,2020-07-19 01:36:41
Talnakh,69.49,88.4,285.15,81,69,2.0,2020-07-19 01:36:41
Tilichiki,60.47,166.1,285.13,86,94,1.85,2020-07-19 01:36:41
Port Elizabeth,-33.92,25.57,287.15,82,0,4.6,2020-07-19 01:36:41
Vilcún,-38.65,-72.23,282.87,100,75,2.1,2020-07-19 01:36:41
Wanaka,-44.7,169.15,277.04,85,0,0.45,2020-07-19 01:36:42
Makakilo City,21.35,-158.09,304.65,49,1,3.6,2020-07-19 01:35:55
Chul'man,56.85,124.91,293.7,84,100,3.81,2020-07-19 01:36:42
Copiapó,-27.37,-70.33,283.15,87,79,3.6,2020-07-19 01:36:42
Fukuechō,32.69,128.84,299.15,100,75,4.6,2020-07-19 01:36:42
Banepā,27.63,85.52,293.15,100,75,0.23,2020-07-19 01:36:43
Waddān,29.16,16.14,298.04,52,0,4.51,2020-07-19 01:36:43
Nexø,55.06,15.13,290.15,82,4,3.09,2020-07-19 01:36:43
Wickede,51.48,7.87,290.83,68,79,3.1,2020-07-19 01:36:43
Ayan,56.45,138.17,286.11,96,99,2.36,2020-07-19 01:36:43
Paamiut,61.99,-49.67,281.62,84,99,4.44,2020-07-19 01:36:44
Casper,42.87,-106.31,302.11,19,1,2.1,2020-07-19 01:34:15
Lagoa,39.05,-27.98,293.31,79,0,5.08,2020-07-19 01:36:45
Vanimo,-2.67,141.3,301.19,77,68,2.96,2020-07-19 01:36:45
Sudogda,55.95,40.86,285.1,97,100,1.87,2020-07-19 01:36:45
Bushehr,28.97,50.84,306.15,55,20,2.1,2020-07-19 01:36:45
Te Anau,-45.42,167.72,283.04,57,0,0.28,2020-07-19 01:36:45
Øksfjord,70.24,22.35,283.46,93,100,4.6,2020-07-19 01:36:46
Broadstairs,51.36,1.44,289.6,81,95,0.89,2020-07-19 01:36:46
Ngunguru,-35.62,174.5,288.15,3,100,4.47,2020-07-19 01:36:46
Pedernales,18.04,-71.74,300.41,64,100,2.08,2020-07-19 01:36:46
Berbera,10.44,45.01,304.67,37,77,17.21,2020-07-19 01:36:46
Ankara,39.92,32.85,295.29,53,10,1.0,2020-07-19 01:33:45
Mabaruma,8.2,-59.78,297.08,94,68,1.32,2020-07-19 01:36:46
Kaifeng,34.79,114.35,297.15,88,90,3.0,2020-07-19 01:36:47
Tezu,27.92,96.17,297.57,87,100,0.91,2020-07-19 01:36:47
Walvis Bay,-22.96,14.51,291.02,20,0,4.1,2020-07-19 01:36:47
Verkhnevilyuysk,63.45,120.32,293.78,50,83,2.71,2020-07-19 01:36:47
Kieta,-6.22,155.63,302.43,65,36,2.13,2020-07-19 01:36:47
Kamaishi,39.27,141.88,299.15,78,75,1.5,2020-07-19 01:36:47
Kumul,42.8,93.45,305.96,11,99,3.09,2020-07-19 01:36:48
Cacimba de Dentro,-6.64,-35.79,291.45,93,19,5.43,2020-07-19 01:36:48
Poronaysk,49.22,143.12,290.66,90,100,2.77,2020-07-19 01:36:48
Kudahuvadhoo,2.67,72.89,300.72,81,100,10.1,2020-07-19 01:36:48
Hailar,49.2,119.7,291.41,64,39,6.68,2020-07-19 01:36:48
Dingle,11.0,122.67,302.5,69,100,2.26,2020-07-19 01:36:48
Paraná,-31.73,-60.52,295.17,62,7,1.79,2020-07-19 01:33:51
Calderitas,18.55,-88.25,300.52,75,0,4.01,2020-07-19 01:36:48
Burē,10.7,37.07,286.65,97,100,0.36,2020-07-19 01:36:49
Chāmpua,22.08,85.67,301.15,75,100,2.88,2020-07-19 01:36:49
Upata,8.01,-62.4,298.71,93,96,1.79,2020-07-19 01:36:49
Moose Factory,51.26,-80.61,297.15,69,40,3.1,2020-07-19 01:36:49
Spornoye,50.84,37.29,287.15,87,0,3.0,2020-07-19 01:36:49
Sisimiut,66.94,-53.67,285.6,60,90,1.66,2020-07-19 01:36:49
Saldanha,-33.01,17.94,282.15,87,0,1.0,2020-07-19 01:36:49
Jacareacanga,-6.22,-57.75,298.1,66,25,0.69,2020-07-19 01:36:50
Cidreira,-30.18,-50.21,291.42,88,34,3.85,2020-07-19 01:36:50
Keuruu,62.27,24.7,286.5,93,45,2.1,2020-07-19 01:36:50
Zabul Province,32.25,67.25,296.39,26,0,2.94,2020-07-19 01:36:50
Sanjwal,33.76,72.43,302.08,94,1,2.1,2020-07-19 01:36:50
Emerald,-23.53,148.17,292.58,52,25,1.85,2020-07-19 01:36:50
Fortuna,40.6,-124.16,291.09,72,1,5.7,2020-07-19 01:36:51
Padong,18.05,120.76,303.15,74,20,1.5,2020-07-19 01:36:51
Big Spring,32.25,-101.48,306.79,28,1,7.7,2020-07-19 01:33:03
Methala,10.22,76.22,298.15,94,75,0.66,2020-07-19 01:36:51
Pitimbu,-7.47,-34.81,295.15,94,0,2.6,2020-07-19 01:36:43
Davila,18.47,120.58,303.15,74,20,1.5,2020-07-19 01:36:51
Loviisa,60.46,26.23,284.82,95,91,1.88,2020-07-19 01:36:51
Itapirapuã,-15.82,-50.61,293.64,47,0,2.56,2020-07-19 01:36:51
Thompson,55.74,-97.86,294.15,49,75,2.1,2020-07-19 01:36:52
Isangel,-19.55,169.27,298.15,57,20,4.6,2020-07-19 01:36:52
Strezhevoy,60.73,77.59,293.15,82,100,3.0,2020-07-19 01:36:52
São Gabriel da Cachoeira,-0.13,-67.09,295.92,96,7,0.12,2020-07-19 01:36:52
Lavrentiya,65.58,-171.0,283.56,67,88,2.9,2020-07-19 01:36:52
Talcahuano,-36.72,-73.12,286.15,93,90,5.7,2020-07-19 01:36:52
Ancud,-41.87,-73.82,282.86,100,75,4.6,2020-07-19 01:36:52
Khani,41.96,42.96,296.15,94,75,1.0,2020-07-19 01:36:53
Ugoofaaru,5.67,73.0,301.7,73,100,9.03,2020-07-19 01:36:53
Nicoya,10.15,-85.45,302.15,66,40,4.1,2020-07-19 01:36:53
Samarai,-10.62,150.67,298.2,85,100,7.27,2020-07-19 01:36:53
Flin Flon,54.77,-101.86,287.37,88,100,2.16,2020-07-19 01:36:53
Manzhouli,49.6,117.43,287.44,89,100,5.58,2020-07-19 01:36:53
Darnah,32.77,22.64,296.87,79,0,6.14,2020-07-19 01:36:54
Apiaí,-24.51,-48.84,286.02,100,0,0.56,2020-07-19 01:36:54
Mareeba,-17.0,145.43,295.45,53,22,3.6,2020-07-19 01:36:54
Turukhansk,65.82,87.98,286.59,61,0,1.18,2020-07-19 01:36:54
Iringa,-7.77,35.7,288.15,62,5,7.2,2020-07-19 01:36:54
Manyana,-23.4,21.72,280.09,53,0,3.44,2020-07-19 01:36:54
Daru,-9.08,143.21,299.1,79,72,6.45,2020-07-19 01:36:54
Waipawa,-41.41,175.52,286.69,67,100,3.1,2020-07-19 01:36:54
Swellendam,-34.02,20.44,285.15,93,1,1.0,2020-07-19 01:36:55
Mangaratiba,-22.96,-44.04,293.15,82,0,2.6,2020-07-19 01:36:55
Kununurra,-15.77,128.73,300.15,15,40,1.5,2020-07-19 01:36:55
Sinnamary,5.38,-52.95,298.73,84,100,3.74,2020-07-19 01:36:55
Bandarbeyla,9.49,50.81,299.23,64,82,14.43,2020-07-19 01:36:55
Uinskoye,56.88,56.58,291.92,95,100,2.68,2020-07-19 01:36:55
Portree,57.41,-6.19,283.15,89,54,0.89,2020-07-19 01:36:55
Ambulu,-8.35,113.61,300.76,69,1,1.56,2020-07-19 01:36:55
Kinkala,-4.36,14.76,293.15,94,0,1.5,2020-07-19 01:36:55
Kasane,-17.82,25.15,280.36,64,0,1.82,2020-07-19 01:36:56
Richards Bay,-28.78,32.04,286.56,41,0,2.07,2020-07-19 01:36:56
Nuuk,64.18,-51.72,284.15,87,100,2.6,2020-07-19 01:36:56
Ryōtsu-minato,38.08,138.43,299.15,78,0,2.6,2020-07-19 01:36:56
Valparaíso,-33.04,-71.63,285.15,93,90,2.6,2020-07-19 01:34:55
Rauma,61.13,21.51,287.15,93,15,2.1,2020-07-19 01:36:56
Orlovskiy,46.87,42.06,290.74,79,0,3.61,2020-07-19 01:36:56
Vaitape,-16.52,-151.75,297.6,81,71,9.92,2020-07-19 01:36:57
Bay City,43.59,-83.89,302.09,69,1,5.1,2020-07-19 01:36:57
Edéa,3.8,10.13,297.15,100,75,1.5,2020-07-19 01:36:57
Balkanabat,39.51,54.37,303.7,25,0,0.58,2020-07-19 01:36:57
Kakanj,44.13,18.12,284.98,100,75,1.0,2020-07-19 01:36:57
Laurel,39.1,-76.85,300.82,54,1,1.83,2020-07-19 01:36:57
Arlit,18.74,7.39,304.17,39,35,4.6,2020-07-19 01:36:57
Guelph,43.55,-80.25,299.19,74,1,3.6,2020-07-19 01:34:20
Kamsack,51.57,-101.9,291.15,82,90,6.2,2020-07-19 01:36:58
Nabire,-3.37,135.48,302.91,60,42,1.42,2020-07-19 01:36:58
Napāsar,27.97,73.55,306.68,52,53,8.49,2020-07-19 01:36:58
Port Hedland,-20.32,118.57,291.15,82,71,2.6,2020-07-19 01:35:03
Ipanema,-30.14,-51.22,292.37,100,0,1.5,2020-07-19 01:36:58
San Policarpo,12.18,125.51,302.13,67,100,3.38,2020-07-19 01:36:58
Vila,42.03,-8.16,290.93,73,0,1.03,2020-07-19 01:36:58
Princeton,25.54,-80.41,301.23,78,90,2.1,2020-07-19 01:36:59
Ballina,-28.87,153.57,292.15,68,0,3.1,2020-07-19 01:36:59
Coffs Harbour,-30.3,153.13,291.51,72,0,3.6,2020-07-19 01:36:59
Cherskiy,68.75,161.3,294.16,50,0,3.21,2020-07-19 01:36:59
Chapais,49.78,-74.85,294.15,73,75,1.0,2020-07-19 01:36:59
Muros,42.78,-9.06,292.59,74,0,1.41,2020-07-19 01:36:59
Samarkand,39.65,66.96,299.15,39,0,4.1,2020-07-19 01:36:59
Petropavl,54.88,69.16,297.42,79,99,1.01,2020-07-19 01:36:59
Antofagasta,-23.65,-70.4,286.15,76,90,4.1,2020-07-19 01:36:59
Bonnyville,54.27,-110.73,290.15,82,75,4.1,2020-07-19 01:35:56
Praia da Vitória,38.73,-27.07,294.15,77,75,4.01,2020-07-19 01:37:00
Yacopí,5.46,-74.34,290.63,95,54,1.52,2020-07-19 01:37:00
Baní,18.28,-70.33,300.93,78,76,1.79,2020-07-19 01:36:51
Beira,-19.84,34.84,293.93,83,20,4.1,2020-07-19 01:37:00
Muncar,-8.43,114.33,299.26,80,65,2.18,2020-07-19 01:37:00
Fasa,28.94,53.65,299.15,36,2,2.1,2020-07-19 01:37:00
Pangnirtung,66.15,-65.71,285.29,65,21,0.16,2020-07-19 01:37:00
Gallup,35.53,-108.74,304.15,16,1,5.1,2020-07-19 01:32:55
Pingzhuang,42.04,119.29,299.63,31,42,5.5,2020-07-19 01:37:00
Primorsko-Akhtarsk,46.05,38.17,293.11,79,0,5.27,2020-07-19 01:37:01
Shar,49.59,81.05,293.48,65,100,4.04,2020-07-19 01:37:01
Coahuayana Viejo,18.73,-103.68,299.61,81,100,0.87,2020-07-19 01:37:01
Aykhal,66.0,111.5,287.15,82,75,3.0,2020-07-19 01:37:01
Kirakira,-10.45,161.92,301.71,75,100,2.63,2020-07-19 01:37:01
Laje,-10.18,-40.97,292.44,79,90,6.92,2020-07-19 01:37:01
Manono,-7.3,27.42,290.44,55,4,3.02,2020-07-19 01:37:01
Aksarka,66.56,67.8,284.04,90,90,4.97,2020-07-19 01:37:02
Krasnosel'kup,65.7,82.47,288.43,56,30,2.84,2020-07-19 01:37:02
Gold Coast,-28.0,153.43,295.74,57,0,1.79,2020-07-19 01:37:02
Korla,41.76,86.15,300.93,82,100,0.45,2020-07-19 01:37:02
Les Cayes,18.2,-73.75,299.66,78,37,1.59,2020-07-19 01:37:02
Esperance,-33.87,121.9,284.15,100,90,3.6,2020-07-19 01:37:03
Hofn,64.25,-15.21,283.72,66,5,3.27,2020-07-19 01:37:03
Ojinaga,29.57,-104.42,308.15,28,1,4.1,2020-07-19 01:37:03
Honningsvåg,70.98,25.97,284.79,73,50,4.08,2020-07-19 01:37:03
Matamoros,25.53,-103.25,303.04,35,75,7.2,2020-07-19 01:32:31
Iquique,-20.22,-70.14,289.15,67,90,3.6,2020-07-19 01:37:03
Luanda,-8.84,13.23,293.15,94,75,2.1,2020-07-19 01:36:18
Koumac,-20.57,164.28,295.78,53,0,4.47,2020-07-19 01:37:03
Zyryanka,65.75,150.85,294.24,38,8,3.96,2020-07-19 01:37:04
Indianola,41.36,-93.56,303.82,66,75,4.1,2020-07-19 01:37:04
Riyadh,24.69,46.72,303.15,25,0,0.96,2020-07-19 01:37:04
Aykino,62.22,49.99,288.46,79,0,1.99,2020-07-19 01:37:04
Laas,46.62,10.7,284.15,81,5,2.1,2020-07-19 01:37:04
Mount Gambier,-37.83,140.77,283.15,100,75,7.2,2020-07-19 01:37:04
Berasia,23.63,77.43,299.15,94,20,3.1,2020-07-19 01:37:04
Balabac,7.99,117.06,303.02,68,73,3.46,2020-07-19 01:37:04
Hambantota,6.12,81.12,296.15,100,40,1.0,2020-07-19 01:37:05
Holland,42.79,-86.11,300.65,70,1,7.2,2020-07-19 01:25:38
Key West,24.56,-81.78,301.77,74,20,4.1,2020-07-19 01:36:53
La Santisima Trinidad,-14.83,-64.9,297.09,61,0,1.14,2020-07-19 01:37:05
Inhambane,-23.86,35.38,290.65,76,20,1.55,2020-07-19 01:37:05
Sitka,57.05,-135.33,287.15,93,90,4.1,2020-07-19 01:33:03
Montluçon,46.33,2.6,286.61,89,0,1.27,2020-07-19 01:37:05
Colares,38.8,-9.45,291.22,94,0,3.17,2020-07-19 01:37:05
Nishihara,26.18,127.76,303.15,84,20,6.7,2020-07-19 01:37:05
Gimli,50.63,-96.99,291.48,86,100,0.89,2020-07-19 01:37:06
Colomi,-17.35,-65.87,291.15,77,55,4.1,2020-07-19 01:37:06
Nelson Bay,-32.72,152.15,288.65,76,0,4.1,2020-07-19 01:37:06
Yulara,-25.24,130.99,286.15,47,100,4.1,2020-07-19 01:37:06
Vangaindrano,-23.35,47.6,291.08,84,53,2.27,2020-07-19 01:37:06
Jonesboro,35.84,-90.7,303.81,52,1,4.1,2020-07-19 01:33:40
Vila Franca do Campo,37.72,-25.43,293.15,82,20,4.1,2020-07-19 01:37:06
Liaocheng,36.44,115.96,300.56,56,96,5.6,2020-07-19 01:37:07
Tuy Hoa,13.08,109.3,303.72,62,100,2.72,2020-07-19 01:34:37
