,City,Lat,Lng,Max Temp,Humidity,Cloudiness,Wind Speed,Country,Date
0,Tommot,58.96,126.29,60.62,89,41,2.8,RU,1594404858
1,Ushuaia,-54.8,-68.3,32.0,89,84,5.08,AR,1594404732
2,Butaritari,3.07,172.79,82.35,78,98,9.69,KI,1594404859
3,Leningradskiy,69.38,178.42,43.56,85,22,9.4,RU,1594404859
4,Port Alfred,-33.59,26.89,61.0,92,65,1.01,ZA,1594404859
5,Hobart,-42.88,147.33,39.99,93,100,5.82,AU,1594404788
6,Kaitangata,-46.28,169.85,41.0,68,92,1.01,NZ,1594404800
7,Cape Town,-33.93,18.42,54.0,81,75,20.8,ZA,1594404590
8,Hervey Bay,-25.3,152.85,61.0,94,47,4.0,AU,1594404860
9,Busselton,-33.65,115.33,37.0,75,0,11.72,AU,1594404860
10,Constantine,36.37,6.61,87.8,33,40,11.41,DZ,1594404860
11,Khatanga,71.97,102.5,56.26,76,100,15.3,RU,1594404860
12,Margate,51.38,1.39,64.99,56,7,1.99,GB,1594404860
13,San Patricio,19.22,-104.7,89.6,70,75,11.41,MX,1594404860
14,Colmenar Viejo,40.66,-3.77,91.0,22,40,4.7,ES,1594404860
15,Atuona,-9.8,-139.03,79.93,79,71,20.87,PF,1594404805
16,Ust-Nera,64.57,143.2,54.5,53,32,2.98,RU,1594404861
17,Avera,33.19,-82.53,93.0,62,40,6.93,US,1594404861
18,Bluff,-46.6,168.33,49.28,76,100,23.94,NZ,1594404861
19,Dingle,11.0,122.67,78.24,84,100,1.34,PH,1594404861
20,Qaanaaq,77.48,-69.36,45.91,57,46,2.3,GL,1594404861
21,New Norfolk,-42.78,147.06,37.99,92,100,2.55,AU,1594404861
22,Katsuura,35.13,140.3,80.01,100,75,10.29,JP,1594404862
23,Ubari,26.59,12.78,92.32,16,0,11.68,LY,1594404650
24,Tiksi,71.69,128.87,38.14,92,77,8.5,RU,1594404709
25,São Filipe,14.9,-24.5,75.9,79,61,10.09,CV,1594404862
26,Hurricane,37.18,-113.29,95.0,9,1,3.36,US,1594404783
27,Ust'-Uda,54.17,103.03,61.63,76,70,3.78,RU,1594404862
28,Albany,42.6,-73.97,88.0,59,100,8.95,US,1594404862
29,Alyangula,-13.85,136.42,78.8,61,90,4.7,AU,1594404862
30,Lata,40.16,-8.33,87.01,43,0,6.06,PT,1594404863
31,Zonguldak,41.25,31.83,61.63,88,0,1.45,TR,1594404755
32,Urucará,-2.54,-57.76,87.67,61,58,5.48,BR,1594404863
33,Athabasca,54.72,-113.29,67.15,62,27,6.62,CA,1594404621
34,Nikolskoye,59.7,30.79,59.0,82,90,6.71,RU,1594404863
35,Port Elizabeth,-33.92,25.57,59.0,87,81,5.82,ZA,1594404710
36,Mataura,-46.19,168.86,41.0,92,99,3.2,NZ,1594404782
37,Chokurdakh,70.63,147.92,45.27,70,0,11.52,RU,1594404799
38,Huai'an,33.59,119.02,71.13,88,100,5.79,CN,1594404863
39,Severo-Kuril'sk,50.68,156.12,49.66,93,100,4.97,RU,1594404813
40,Porto-Novo,6.5,2.6,78.8,88,20,10.29,BJ,1594404746
41,Rikitea,-23.12,-134.97,67.53,64,59,17.96,PF,1594404709
42,Viedma,-40.81,-63.0,48.18,51,57,20.76,AR,1594404864
43,Bilecik Province,40.0,30.17,71.6,64,0,12.75,TR,1594404864
44,Norman Wells,65.28,-126.83,46.4,100,90,11.41,CA,1594404864
45,Barrow,71.29,-156.79,35.6,84,90,5.82,US,1594404734
46,Srandakan,-7.94,110.25,75.07,89,92,5.01,ID,1594404865
47,Hilo,19.73,-155.09,75.2,83,90,5.82,US,1594404841
48,Lompoc,34.64,-120.46,72.0,60,42,11.41,US,1594404865
49,Vao,-22.67,167.48,68.0,72,61,19.3,NC,1594404865
50,Bairiki Village,1.33,172.98,82.11,79,28,17.36,KI,1594404865
51,Coos Bay,43.37,-124.22,73.99,77,90,6.93,US,1594404651
52,Cabo San Lucas,22.89,-109.91,88.0,70,75,19.46,MX,1594404602
53,Saint Paul Harbor,57.79,-152.41,57.2,71,1,4.7,US,1594404575
54,Kapaa,22.08,-159.32,80.6,74,40,14.99,US,1594404608
55,Qian’an,44.99,124.06,69.6,77,100,7.4,CN,1594404866
56,Punta Arenas,-53.15,-70.92,33.8,80,75,8.05,CL,1594404866
57,Termez,37.22,67.28,80.6,30,0,2.24,UZ,1594404866
58,Carnarvon,-24.87,113.63,57.2,47,0,10.29,AU,1594404597
59,Vaini,-21.2,-175.2,69.8,88,20,10.29,TO,1594404710
60,Pacific Grove,36.62,-121.92,75.0,77,40,9.17,US,1594404866
61,Hermanus,-34.42,19.23,53.01,76,83,11.99,ZA,1594404713
62,Sørland,67.67,12.69,55.4,76,20,9.17,NO,1594404867
63,Zhigansk,66.77,123.37,61.36,56,100,11.36,RU,1594404840
64,Zhalantun,48.0,122.72,63.63,81,4,2.06,CN,1594404867
65,Shimoda,34.67,138.95,72.0,94,90,13.04,JP,1594404867
66,Hay River,60.82,-115.8,62.6,82,40,6.93,CA,1594404867
67,Varhaug,58.61,5.65,57.2,67,20,19.46,NO,1594404867
68,Avarua,-21.21,-159.78,69.8,94,18,2.24,CK,1594404712
69,Provideniya,64.38,-173.3,55.87,66,96,6.02,RU,1594404867
70,Amarpur,25.03,86.9,81.23,88,94,8.95,IN,1594404868
71,Dikson,73.51,80.55,44.24,83,92,17.83,RU,1594404868
72,Ciudad del Maíz,22.4,-99.6,89.01,28,39,4.0,MX,1594404868
73,Wilmington,34.23,-77.94,91.99,58,40,5.82,US,1594404868
74,Saldanha,-33.01,17.94,51.8,81,77,3.36,ZA,1594404800
75,Rebrikha,53.07,82.34,56.5,83,5,5.77,RU,1594404868
76,Jamestown,42.1,-79.24,82.4,54,20,6.93,US,1594404557
77,George Town,5.41,100.34,80.6,94,40,3.6,MY,1594404868
78,Kushiro,42.98,144.37,59.49,92,100,5.32,JP,1594404869
79,Esperance,-33.87,121.9,46.4,93,90,2.24,AU,1594404869
80,Makakilo City,21.35,-158.09,80.6,61,1,8.05,US,1594404869
81,Ribeira Grande,38.52,-28.7,73.4,69,40,6.93,PT,1594404869
82,Tuktoyaktuk,69.45,-133.04,39.2,93,90,11.41,CA,1594404806
83,Te Anau,-45.42,167.72,42.87,83,97,5.48,NZ,1594404826
84,Sabang,5.89,95.32,82.26,75,99,5.79,ID,1594404869
85,Faanui,-16.48,-151.75,77.94,81,6,20.78,PF,1594404839
86,Alegrete,-29.78,-55.79,63.21,66,0,10.74,BR,1594404869
87,São João da Barra,-21.64,-41.05,73.4,64,75,9.17,BR,1594404870
88,Arraial do Cabo,-22.97,-42.03,75.2,60,75,5.82,BR,1594404870
89,Muros,42.78,-9.06,73.0,62,0,10.0,ES,1594404870
90,Pevek,69.7,170.31,43.9,97,96,6.38,RU,1594404869
91,Puerto Ayora,-0.74,-90.35,72.0,84,99,7.0,EC,1594404669
92,Torbay,47.67,-52.73,61.0,67,75,8.05,CA,1594404710
93,Kurumkan,54.3,110.3,64.89,81,96,3.02,RU,1594404870
94,Nishihara,26.18,127.76,82.4,94,20,9.17,JP,1594404870
95,Mahajanga,-15.72,46.32,75.2,57,20,12.75,MG,1594404871
96,Sorong,-0.88,131.25,77.32,88,18,6.15,ID,1594404871
97,Kokopo,-4.35,152.26,77.95,77,96,6.64,PG,1594404604
98,Bengkulu,-3.8,102.27,75.38,88,75,4.9,ID,1594404871
99,Vestmannaeyjar,63.44,-20.27,51.8,71,20,18.34,IS,1594404871
100,Vanimo,-2.67,141.3,78.6,81,62,3.36,PG,1594404785
101,Homer,59.64,-151.55,60.8,77,75,4.7,US,1594404872
102,Hong Kong,22.29,114.16,86.0,74,100,13.0,HK,1594404842
103,Boundiali,9.52,-6.49,80.31,79,82,4.81,CI,1594404872
104,Gogrial,8.53,28.1,78.13,69,64,3.0,SS,1594404872
105,Banamba,13.55,-7.45,91.94,41,73,5.01,ML,1594404872
106,San Policarpo,12.18,125.51,82.04,80,98,6.69,PH,1594404872
107,Codrington,-38.27,141.97,46.8,88,100,3.65,AU,1594404872
108,Bahía Solano,6.23,-77.4,76.89,88,100,11.36,CO,1594404872
109,Manokwari,-0.87,134.08,78.78,67,34,4.29,ID,1594404872
110,Dhidhdhoo,6.88,73.1,83.93,75,100,7.25,MV,1594404580
111,Mehamn,71.04,27.85,46.4,87,90,11.41,NO,1594404873
112,Warrington,53.39,-2.58,62.01,63,20,17.22,GB,1594404873
113,Aquin,18.28,-73.4,85.87,62,55,5.03,HT,1594404873
114,Castro,-24.79,-50.01,67.62,44,36,5.46,BR,1594404816
115,Hofn,64.25,-15.21,55.4,66,75,19.46,IS,1594404873
116,Saskylakh,71.92,114.08,54.41,65,100,14.7,RU,1594404725
117,Āsosa,10.07,34.53,62.92,100,98,1.48,ET,1594404874
118,Severnoye,56.35,78.36,58.32,82,27,7.38,RU,1594404874
119,Denpasar,-8.65,115.22,78.8,100,40,10.29,ID,1594404874
120,Hasaki,35.73,140.83,80.01,88,75,9.17,JP,1594404874
121,Beringovskiy,63.05,179.32,52.3,79,94,1.19,RU,1594404870
122,Guerrero,17.67,-100.0,82.99,50,48,4.25,MX,1594404687
123,Topolobampo,25.6,-109.05,91.99,41,5,9.17,MX,1594404874
124,Talnakh,69.49,88.4,55.4,76,13,22.37,RU,1594404874
125,Kunming,25.04,102.72,70.0,100,90,15.66,CN,1594404874
126,Lebu,-37.62,-73.65,50.7,70,47,6.15,CL,1594404875
127,Kumul,42.8,93.45,82.78,20,100,3.2,CN,1594404875
128,Tasiilaq,65.61,-37.64,46.4,65,75,8.05,GL,1594404803
129,Marsh Harbour,26.54,-77.06,87.42,67,57,12.06,BS,1594404875
130,Kermanshah,34.31,47.06,89.6,13,27,13.87,IR,1594404875
131,Taltal,-25.4,-70.48,61.2,63,43,3.65,CL,1594404875
132,Praia da Vitória,38.73,-27.07,75.2,60,40,5.84,PT,1594404875
133,Arica,-18.48,-70.3,64.4,59,13,12.75,CL,1594404876
134,Havre-St-Pierre,50.23,-63.6,68.0,77,40,8.05,CA,1594404876
135,Bambous Virieux,-20.34,57.76,72.0,53,75,18.34,MU,1594404876
136,East London,-33.02,27.91,69.66,71,99,4.85,ZA,1594404876
137,Bethel,41.37,-73.41,75.2,88,90,13.87,US,1594404876
138,Ossora,59.24,163.07,51.3,89,100,6.62,RU,1594404876
139,Port Lincoln,-34.73,135.87,49.98,76,52,12.91,AU,1594404876
140,Hokitika,-42.72,170.97,47.32,85,100,1.68,NZ,1594404877
141,Saint-Ambroise,48.55,-71.33,91.99,52,40,14.99,CA,1594404877
142,Saint-Augustin,51.23,-58.65,73.74,58,43,12.59,CA,1594404877
143,Ancud,-41.87,-73.82,48.0,81,75,8.05,CL,1594404877
144,Papara,-3.98,-38.73,84.2,66,20,18.34,BR,1594404877
145,Yellowknife,62.46,-114.35,62.6,63,75,11.41,CA,1594404546
146,Ponta do Sol,32.67,-17.1,73.4,78,20,17.22,PT,1594404710
147,Mahébourg,-20.41,57.7,69.8,64,75,18.34,MU,1594404653
148,Umm Kaddadah,13.6,26.69,88.86,38,14,3.76,SD,1594404878
149,Beloha,-25.17,45.05,68.79,54,0,8.34,MG,1594404878
150,Hithadhoo,-0.6,73.08,83.8,73,100,9.28,MV,1594404878
151,Saint-Pierre,-21.34,55.48,69.8,64,0,14.99,RE,1594404878
152,Emba,48.83,58.14,84.02,33,0,6.73,KZ,1594404878
153,Yumen,40.28,97.2,74.88,24,100,6.04,CN,1594404878
154,Sistranda,63.73,8.83,54.0,76,75,2.24,NO,1594404660
155,Korla,41.76,86.15,73.99,90,64,5.99,CN,1594404878
156,Malatya Province,38.5,38.0,80.6,32,20,2.24,TR,1594404753
157,Poum,-20.23,164.02,68.68,71,35,13.42,NC,1594404645
158,Amahai,-3.33,128.92,76.46,87,97,1.45,ID,1594404879
159,Baykit,61.67,96.37,53.02,86,84,5.03,RU,1594404879
160,Ojinaga,29.57,-104.42,97.0,30,1,2.95,MX,1594404879
161,Sayyan,15.17,44.32,69.06,54,74,4.16,YE,1594404879
162,Laiwu,36.19,117.66,74.98,74,72,2.46,CN,1594404879
163,Bredasdorp,-34.53,20.04,51.8,81,94,8.05,ZA,1594404879
164,Ucluelet,48.93,-125.55,59.0,87,75,6.93,CA,1594404728
165,Ketchikan,55.34,-131.65,55.4,93,90,23.04,US,1594404589
166,Amos,48.57,-78.12,89.6,49,40,17.22,CA,1594404614
167,Tabuk,17.42,121.44,75.9,88,86,0.49,PH,1594404880
168,Upernavik,72.79,-56.15,40.12,87,74,20.96,GL,1594404880
169,Tornio,65.85,24.15,53.6,93,90,5.82,FI,1594404880
170,Iqaluit,63.75,-68.51,44.6,81,75,6.93,CA,1594404880
171,Puerto Colombia,10.99,-74.95,91.4,63,40,3.36,CO,1594404880
172,Narsaq,60.92,-46.05,48.2,93,75,3.36,GL,1594404881
173,Fukuechō,32.69,128.84,77.2,92,61,18.12,JP,1594404881
174,Swan Hill,-35.34,143.55,46.51,93,16,3.87,AU,1594404881
175,Olafsvik,64.89,-23.71,51.24,78,100,9.4,IS,1594404882
176,Iguape,-24.71,-47.56,67.59,65,34,8.48,BR,1594404882
177,Klaksvík,62.23,-6.59,50.0,71,87,17.22,FO,1594404882
178,Mokhsogollokh,61.47,128.92,54.75,97,96,5.21,RU,1594404725
179,Isangel,-19.55,169.27,64.4,100,40,3.36,VU,1594404882
180,Enfield,-34.85,138.6,48.99,93,75,10.29,AU,1594404882
181,Turaif,31.67,38.66,95.0,20,20,4.7,SA,1594404882
182,Beyla,8.68,-8.63,72.84,93,97,5.19,GN,1594404882
183,Liwale,-9.77,37.93,69.33,84,53,1.99,TZ,1594404883
184,Vondrozo,-22.82,47.28,58.15,100,58,3.83,MG,1594404883
185,Muli,2.92,73.57,84.11,76,91,9.35,MV,1594404883
186,Waipawa,-41.41,175.52,46.4,87,0,12.75,NZ,1594404871
187,Andenes,69.31,16.12,53.6,71,80,4.7,NO,1594404883
188,Thompson,55.74,-97.86,62.6,67,90,6.93,CA,1594404883
189,Port Hardy,50.7,-127.42,59.0,82,90,6.93,CA,1594404883
190,Alofi,-19.06,-169.92,71.6,88,95,14.99,NU,1594404883
191,Muncar,-8.43,114.33,74.52,88,100,3.44,ID,1594404884
192,Soanierana Ivongo,-16.92,49.58,70.0,83,17,8.32,MG,1594404884
193,Muzhi,65.37,64.67,63.68,85,79,6.2,RU,1594404884
194,Bodden Town,19.28,-81.25,89.6,79,20,11.41,KY,1594404884
195,Los Llanos de Aridane,28.66,-17.92,73.4,73,40,16.11,ES,1594404884
196,Olinda,-8.01,-34.86,84.2,70,75,12.75,BR,1594404681
197,Luganville,-15.53,167.17,77.49,83,76,15.57,VU,1594404884
198,Sitka,57.05,-135.33,55.4,87,90,5.23,US,1594404885
199,Ilulissat,69.22,-51.1,42.8,87,75,12.75,GL,1594404788
200,Saint George,37.1,-113.58,95.0,10,1,4.7,US,1594404631
201,Seidu,9.02,-10.6,70.0,98,99,7.4,SL,1594404885
202,Kudahuvadhoo,2.67,72.89,84.36,74,99,11.12,MV,1594404885
203,Šturlić,45.06,15.78,75.0,77,79,5.64,BA,1594404885
204,Salinas,36.68,-121.66,75.0,68,1,6.93,US,1594404687
205,Carballo,43.21,-8.69,69.8,64,20,11.41,ES,1594404886
206,Sheridan,44.83,-106.92,88.0,39,1,6.93,US,1594404886
207,‘Ewa Beach,21.32,-158.01,80.6,61,1,8.05,US,1594404886
208,Nuevo Progreso,23.17,-97.95,91.99,55,1,5.99,MX,1594404886
209,Coyhaique,-45.58,-72.07,41.0,60,75,4.7,CL,1594404886
210,Batemans Bay,-35.72,150.18,43.0,90,68,1.01,AU,1594404843
211,Dengzhou,37.81,120.75,72.14,73,8,1.52,CN,1594404886
212,Tyukhtet,56.54,89.3,51.31,95,23,8.72,RU,1594404886
213,Hambantota,6.12,81.12,81.14,78,78,16.93,LK,1594404887
214,Kuching,1.55,110.33,75.2,100,40,1.12,MY,1594404806
215,Vila Franca do Campo,37.72,-25.43,71.6,68,75,5.82,PT,1594404887
216,Adrar,20.5,-10.07,106.59,6,27,5.91,MR,1594404590
217,Jumla,29.27,82.18,60.8,71,72,1.59,NP,1594404887
218,High Level,58.52,-117.14,64.4,77,75,2.24,CA,1594404887
219,Okha,53.57,142.95,49.84,94,99,4.92,RU,1594404887
220,Boden,65.83,21.69,57.2,76,96,6.93,SE,1594404888
221,Bongandanga,1.5,21.05,71.74,96,96,3.42,CD,1594404888
222,Bitung,1.45,125.18,75.2,100,40,1.12,ID,1594404888
223,Mana,5.66,-53.78,83.75,76,73,9.73,GF,1594404888
224,Zyryanka,65.75,150.85,58.19,86,93,10.74,RU,1594404888
225,Airai,-8.93,125.41,57.24,100,28,3.69,TL,1594404888
226,Fayaoué,-20.65,166.53,69.06,76,48,21.16,NC,1594404888
227,Escárcega,18.61,-90.75,97.9,35,39,3.76,MX,1594404889
228,Maturin,9.75,-63.18,82.11,82,93,9.26,VE,1594404889
229,Ballina,-28.87,153.57,54.0,93,80,5.01,AU,1594404889
230,Yaqui,27.37,-110.17,93.2,41,40,4.7,MX,1594404889
231,Bara,10.37,10.73,79.57,76,77,9.13,NG,1594404889
232,Saint Anthony,45.02,-93.22,82.99,47,1,11.41,US,1594404665
233,Kaeo,-35.1,173.78,44.01,3,6,3.0,NZ,1594404890
234,Najrān,17.49,44.13,96.8,18,20,6.93,SA,1594404890
235,Lavrentiya,65.58,-171.0,52.11,73,98,2.08,RU,1594404890
236,Salalah,17.02,54.09,82.4,94,90,8.05,OM,1594404823
237,Kruisfontein,-34.0,24.73,56.08,86,100,4.14,ZA,1594404890
238,Kirovskiy,45.09,133.51,56.73,93,70,3.38,RU,1594404800
239,Karasjok,69.47,25.51,50.0,76,90,20.8,NO,1594404890
240,Qinzhou,21.95,108.62,86.16,76,100,17.63,CN,1594404890
241,Teya,60.38,92.63,51.03,92,100,2.62,RU,1594404891
242,Tateyama,34.98,139.87,77.0,100,75,10.29,JP,1594404891
243,Faya,18.39,42.45,75.2,69,20,11.41,SA,1594404891
244,Takahashi,34.78,133.62,73.0,98,99,1.99,JP,1594404891
245,Buala,-8.14,159.59,79.95,81,17,7.54,SB,1594404891
246,Kirakira,-10.45,161.92,78.62,83,73,11.48,SB,1594404891
247,Caravelas,-17.71,-39.25,78.08,64,80,7.65,BR,1594404641
248,Fortuna,40.6,-124.16,63.0,87,75,9.17,US,1594404891
249,Meulaboh,4.14,96.13,77.79,86,100,4.23,ID,1594404664
250,Kampene,-3.6,26.67,78.53,49,67,0.11,CD,1594404892
251,Lüderitz,-26.65,15.16,55.4,87,46,14.99,NA,1594404892
252,San Vicente,-26.62,-54.13,67.75,50,0,5.37,AR,1594404892
253,Kon Tum,14.35,108.0,71.94,93,99,1.5,VN,1594404610
254,Nyurba,63.28,118.33,61.48,86,76,5.44,RU,1594404892
255,Almaznyy,48.04,40.05,75.2,38,0,8.95,RU,1594404892
256,Vila Velha,-20.33,-40.29,75.0,69,75,14.99,BR,1594404869
257,Marrakesh,31.63,-8.01,104.0,14,40,6.93,MA,1594404893
258,Aktau,43.65,51.2,77.0,83,81,13.42,KZ,1594404893
259,Honningsvåg,70.98,25.97,46.4,87,75,16.11,NO,1594404893
260,Aksarka,66.56,67.8,58.93,55,16,3.67,RU,1594404893
261,Khedbrahma,24.03,73.05,85.23,72,81,12.55,IN,1594404893
262,Mar del Plata,-38.0,-57.56,50.0,93,90,14.99,AR,1594404656
263,Berlevåg,70.86,29.09,46.4,93,75,11.41,NO,1594404893
264,Nur-Sultan,51.18,71.45,64.4,63,13,8.95,KZ,1594404612
265,Labuhan,-6.88,112.21,76.32,85,74,8.23,ID,1594404894
266,Joshīmath,30.57,79.57,65.82,58,59,1.14,IN,1594404894
267,Ojuelos de Jalisco,21.87,-101.58,72.99,38,18,4.12,MX,1594404894
268,Omsukchan,62.53,155.8,52.5,87,97,3.18,RU,1594404894
269,Tombouctou,20.0,-3.0,102.63,21,53,0.45,ML,1594404894
270,Flinders,-34.58,150.86,52.0,84,100,1.99,AU,1594404895
271,Bela,25.93,81.98,84.96,79,100,9.64,IN,1594404895
272,Kieta,-6.22,155.63,78.93,78,100,5.48,PG,1594404602
273,Opalenica,52.31,16.41,77.0,57,62,13.87,PL,1594404895
274,Alexandria,31.22,29.96,80.6,74,40,11.41,EG,1594404788
275,Nísia Floresta,-6.09,-35.21,84.2,66,40,17.22,BR,1594404895
276,Evensk,61.95,159.23,52.54,97,100,4.74,RU,1594404895
277,Henties Bay,-22.12,14.28,60.01,87,4,1.9,NA,1594404895
278,Kapit,2.02,112.93,73.71,95,100,1.05,MY,1594404896
279,Tambopata,-12.73,-69.18,73.4,78,75,3.36,PE,1594404896
280,Kaka,37.35,59.61,90.55,22,1,7.47,TM,1594404896
281,Laguna,38.42,-121.42,87.01,28,5,3.89,US,1594404896
282,Arawa,-6.21,155.54,77.22,79,100,3.78,PG,1594404896
283,Ende,-8.84,121.66,73.72,78,41,0.78,ID,1594404896
284,Chai Badan,15.2,101.13,82.99,76,100,6.44,TH,1594404897
285,Sioux Lookout,50.1,-91.92,69.8,68,75,8.05,CA,1594404733
286,Kalmunai,7.42,81.82,82.71,80,99,3.94,LK,1594404897
287,Touros,-5.2,-35.46,82.4,74,40,12.75,BR,1594404897
288,Xingtai,37.06,114.49,74.12,83,100,7.49,CN,1594404897
289,Bathsheba,13.22,-59.52,87.8,62,20,23.04,BB,1594404897
290,Tizimín,21.15,-88.15,90.36,63,63,7.25,MX,1594404897
291,Karratha,-20.74,116.85,66.72,30,0,13.96,AU,1594404897
292,Houma,29.6,-90.72,95.0,66,75,5.82,US,1594404600
293,Terney,45.05,136.61,58.8,86,96,7.11,RU,1594404830
294,Kavieng,-2.57,150.8,82.09,79,65,11.45,PG,1594404898
295,Saint Boswells,55.57,-2.64,59.0,11,22,7.0,GB,1594404898
296,Atlantic City,39.36,-74.42,75.2,88,90,20.8,US,1594404898
297,Bonavista,48.65,-53.11,55.0,86,100,3.0,CA,1594404898
298,Tocopilla,-22.09,-70.2,65.8,47,5,3.27,CL,1594404898
299,Hobyo,5.35,48.53,78.48,79,80,26.87,SO,1594404899
300,Pandan,14.05,124.17,80.87,84,98,5.48,PH,1594404899
301,Khed,17.72,73.38,78.76,86,100,3.31,IN,1594404899
302,Kapoeta,4.77,33.59,81.64,47,50,7.74,SS,1594404899
303,Tessalit,20.2,1.01,91.45,29,96,13.53,ML,1594404899
304,Didi Lilo,41.74,44.96,71.6,78,40,4.7,GE,1594404899
305,Santa Rita,-7.11,-34.98,82.4,74,40,13.87,BR,1594404624
306,Smoky Lake,54.12,-112.47,65.75,65,88,7.09,CA,1594404899
307,Petropavlovsk-Kamchatskiy,53.05,158.65,53.6,100,90,2.24,RU,1594404899
308,Warri,5.52,5.75,73.22,95,100,7.54,NG,1594404900
309,Bilma,18.69,12.92,98.76,17,91,10.71,NE,1594404900
310,Malinyi,-8.93,36.13,72.82,75,63,3.87,TZ,1594404900
311,Egvekinot,66.32,-179.17,50.16,89,74,1.23,RU,1594404900
312,Port Keats,-14.25,129.55,71.06,63,84,6.33,AU,1594404901
313,Sibolga,1.74,98.78,77.34,77,75,3.65,ID,1594404901
314,São José da Coroa Grande,-8.9,-35.15,79.74,75,0,11.72,BR,1594404901
315,Saint Simons,31.14,-81.39,93.2,56,20,8.05,US,1594404901
316,Fengrun,39.83,118.12,70.23,69,65,4.61,CN,1594404901
317,Santa Lucía,27.91,-15.54,78.8,57,20,29.97,ES,1594404901
318,Maniitsoq,65.42,-52.9,40.46,89,69,3.71,GL,1594404902
319,Longyearbyen,78.22,15.64,48.2,76,75,6.93,SJ,1594404902
320,Hegang,47.4,130.37,56.66,97,0,2.46,CN,1594404902
321,Hirara,24.8,125.28,84.24,83,11,10.89,JP,1594404864
322,Mosquera,4.71,-74.23,64.4,52,75,11.41,CO,1594404902
323,Azare,11.68,10.19,87.21,51,68,5.01,NG,1594404902
324,Bontang,0.13,117.5,79.3,81,94,2.91,ID,1594404902
325,Nanortalik,60.14,-45.24,47.46,86,77,9.86,GL,1594404902
326,Vanavara,60.34,102.28,55.71,85,97,8.55,RU,1594404903
327,Aksu,41.12,80.26,76.39,36,55,11.5,CN,1594404903
328,Comodoro Rivadavia,-45.87,-67.5,42.8,52,20,14.99,AR,1594404792
329,Darhan,49.49,105.92,58.77,82,97,2.21,MN,1594404903
330,San Jose,37.34,-121.89,81.0,44,40,6.93,US,1594404901
331,Torrijos,39.98,-4.28,91.4,21,1,5.82,ES,1594404903
332,Monrovia,6.3,-10.8,78.8,78,75,10.29,LR,1594404711
333,Sindor,62.86,51.89,61.12,89,81,4.68,RU,1594404904
334,Saint-Philippe,-21.36,55.77,69.8,64,43,14.99,RE,1594404904
335,Ust-Tsilma,65.44,52.15,64.89,79,83,6.4,RU,1594404904
336,Karlstad,59.38,13.5,68.0,63,85,3.36,SE,1594404904
337,Borisoglebskiy,57.26,39.15,62.6,63,10,6.71,RU,1594404904
338,Bubaque,11.28,-15.83,82.02,79,99,16.87,GW,1594404905
339,Boyolangu,-8.12,111.89,73.54,91,86,4.43,ID,1594404905
340,Rey Bouba,8.67,14.18,76.46,81,45,2.35,CM,1594404905
341,Merauke,-8.47,140.33,77.59,86,42,15.26,ID,1594404905
342,Tuatapere,-46.13,167.68,45.97,81,92,6.58,NZ,1594404905
343,Luena,-11.78,19.92,65.59,34,18,2.84,AO,1594404905
344,Vozhega,60.47,40.22,56.64,85,55,5.48,RU,1594404905
345,Djibo,14.1,-1.63,98.83,26,100,6.55,BF,1594404906
346,Trairi,-3.28,-39.27,82.87,70,28,13.15,BR,1594404906
347,Rio Grande,-32.03,-52.1,64.4,55,0,13.87,BR,1594404854
348,Banjar,-8.19,114.97,78.8,100,40,10.29,ID,1594404906
349,Departamento de Maldonado,-34.67,-54.92,57.99,71,100,20.8,UY,1594404614
350,Antsohihy,-14.88,47.99,73.15,59,44,9.98,MG,1594404906
351,Broome,42.25,-75.83,82.0,60,80,3.0,US,1594404792
352,Bucerías,20.75,-105.33,89.01,70,20,9.17,MX,1594404907
353,Zaysan,47.47,84.87,68.13,46,5,6.67,KZ,1594404907
354,Liyang,29.71,118.29,74.62,93,100,0.69,CN,1594404907
355,Chegdomyn,51.12,133.02,57.43,86,77,1.95,RU,1594404907
356,Bambanglipuro,-7.95,110.28,75.0,89,92,5.19,ID,1594404908
357,Orneta,54.11,20.13,67.37,87,98,11.74,PL,1594404908
358,Guerrero Negro,27.98,-114.06,84.54,30,47,9.24,MX,1594404908
359,Lahat,-3.8,103.53,71.78,91,75,2.98,ID,1594404908
360,Evanston,42.04,-87.69,84.99,54,40,14.99,US,1594404908
361,Sørkjosen,69.8,20.93,50.0,81,75,3.36,NO,1594404908
362,Lorengau,-2.02,147.27,81.88,79,89,10.54,PG,1594404908
363,Hamilton,39.18,-84.53,88.0,62,40,18.34,US,1594404726
364,Vuktyl,63.86,57.31,67.1,88,64,12.41,RU,1594404674
365,Hamza,40.43,71.5,78.8,27,82,9.17,UZ,1594404909
366,Caucaia,-3.74,-38.65,84.2,66,20,18.34,BR,1594404909
367,Benidorm,38.54,-0.13,84.0,63,0,9.04,ES,1594404909
368,Santa Maria,-29.68,-53.81,64.4,63,0,4.7,BR,1594404909
369,Lozova,48.89,36.32,65.07,62,39,5.35,UA,1594404909
370,Strai,58.2,7.9,59.0,62,75,5.82,NO,1594404909
371,Mossamedes,-15.2,12.15,66.54,60,1,12.73,AO,1594404910
372,Agadez,19.75,10.25,96.19,11,1,4.88,NE,1594404786
373,Asău,46.43,26.4,70.0,79,5,1.43,RO,1594404910
374,Anadyr,64.75,177.48,51.8,93,40,10.0,RU,1594404910
375,Rio Negrinho,-26.25,-49.52,62.01,69,0,1.01,BR,1594404910
376,Ostrovnoy,68.05,39.51,59.45,63,0,12.15,RU,1594404910
377,Yulara,-25.24,130.99,42.8,69,16,4.7,AU,1594404709
378,Ust'-Kut,56.79,105.77,58.59,67,56,2.39,RU,1594404911
379,Kozhva,65.11,57.05,72.37,76,46,6.69,RU,1594404911
380,Arman',59.7,150.17,48.9,94,74,1.59,RU,1594404911
381,Pemangkat,1.17,108.97,75.07,90,90,6.58,ID,1594404911
382,Whitehorse,60.72,-135.05,57.0,62,75,11.41,CA,1594404683
383,Bandiagara,14.35,-3.61,95.92,32,93,8.81,ML,1594404911
384,Birin,26.89,88.07,78.8,94,90,3.36,NP,1594404911
385,Menongue,-14.66,17.69,64.72,28,33,3.85,AO,1594404669
386,Dunedin,-45.87,170.5,45.0,68,92,6.53,NZ,1594404692
387,San Fernando del Valle de Catamarca,-28.47,-65.79,68.0,43,68,5.01,AR,1594404912
388,Pangnirtung,66.15,-65.71,48.2,76,75,18.34,CA,1594404912
389,Kualakapuas,-3.01,114.39,77.0,100,90,2.24,ID,1594404912
390,Pampa,35.54,-100.96,98.6,25,1,23.04,US,1594404912
391,Richards Bay,-28.78,32.04,76.26,42,0,13.87,ZA,1594404908
392,Mâncio Lima,-7.61,-72.9,73.4,94,90,5.82,BR,1594404912
393,Gijang,35.24,129.21,73.4,88,75,3.36,KR,1594404913
394,Svetlaya,46.54,138.33,55.2,88,8,9.04,RU,1594404913
395,Linjiang,41.81,126.91,64.15,88,100,1.9,CN,1594404913
396,Ko Samui,9.54,99.94,83.79,76,100,14.85,TH,1594404913
397,Aksarayskiy,46.79,48.01,84.2,42,99,6.71,RU,1594404913
398,Calama,-22.47,-68.93,69.8,2,0,10.29,CL,1594404914
399,Cururupu,-1.83,-44.87,84.4,65,40,8.1,BR,1594404914
400,Mainpuri,27.23,79.02,88.34,63,100,12.77,IN,1594404914
401,Bilibino,68.05,166.44,61.74,65,97,3.04,RU,1594404914
402,Saint-François,46.42,3.91,73.4,46,25,12.75,FR,1594404915
403,Caucayá,-0.19,-74.78,75.38,94,96,4.14,CO,1594404915
404,Wewak,-3.55,143.63,79.27,82,90,10.13,PG,1594404915
405,Alcañiz,41.05,-0.13,78.01,68,18,1.99,ES,1594404915
406,Pio IX,-6.84,-40.58,85.03,44,95,10.33,BR,1594404915
407,Peniche,39.36,-9.38,75.99,76,0,14.0,PT,1594404915
408,Concordia,-31.39,-58.02,62.6,63,75,6.93,AR,1594404915
409,Moctezuma,29.8,-109.67,90.05,45,48,4.88,MX,1594404916
410,Kulhudhuffushi,6.62,73.07,83.79,76,100,8.16,MV,1594404916
411,Isla Aguada,18.78,-91.47,87.8,66,75,8.05,MX,1594404916
412,Câmara de Lobos,32.63,-16.97,73.4,78,20,17.22,PT,1594404916
413,Tahoua,14.89,5.27,87.8,52,20,13.87,NE,1594404916
414,Bayan,46.08,127.4,64.09,81,91,11.68,CN,1594404917
415,Culaman,5.96,125.66,80.2,73,97,5.23,PH,1594404917
416,Agia Marina,37.75,23.53,81.0,33,0,5.99,GR,1594404917
417,Upington,-28.45,21.26,51.8,81,40,19.46,ZA,1594404917
418,Nguruka,-5.11,31.04,72.55,58,72,5.59,TZ,1594404917
419,Mergen,49.18,125.22,63.3,80,0,2.24,CN,1594404917
420,Camabatela,-8.19,15.38,69.78,49,91,6.29,AO,1594404917
421,Kula,38.55,28.65,75.0,33,0,1.99,TR,1594404918
422,Duvan,55.7,57.9,71.73,83,1,4.81,RU,1594404918
423,Aklavik,68.22,-135.01,44.6,87,90,12.75,CA,1594404883
424,Leninskoye,47.94,132.62,58.5,93,0,3.38,RU,1594404918
425,Wana,32.3,69.57,86.52,33,5,5.5,PK,1594404918
426,Roald,62.58,6.13,53.6,76,40,14.99,NO,1594404919
427,Copiapó,-27.37,-70.33,59.0,67,40,13.87,CL,1594404919
428,Rakiv Lis,51.62,24.92,72.46,83,46,8.01,UA,1594404919
429,Mount Gambier,-37.83,140.77,48.2,100,90,8.05,AU,1594404919
430,Marystown,47.17,-55.15,57.65,85,75,5.06,CA,1594404919
431,Xudat,41.63,48.68,77.67,61,98,9.08,AZ,1594404919
432,Samarai,-10.62,150.67,77.95,88,98,15.32,PG,1594404920
433,Philadelphia,39.95,-75.16,75.0,94,90,21.92,US,1594404895
434,Geraldton,-28.77,114.6,53.6,54,0,20.8,AU,1594404799
435,San Juan,-31.54,-68.54,69.6,21,100,4.05,AR,1594404659
436,Srednekolymsk,67.45,153.68,58.14,77,82,10.69,RU,1594404920
437,Cherskiy,68.75,161.3,50.92,86,8,8.86,RU,1594404672
438,Champerico,14.3,-91.92,75.2,100,75,4.7,GT,1594404920
439,Pacatuba,-3.98,-38.62,84.2,66,20,18.34,BR,1594404920
440,Sobolevo,54.43,31.9,63.79,85,82,12.77,RU,1594404921
441,Taoudenni,22.68,-3.98,111.6,8,32,12.53,ML,1594404921
442,Zhangjiakou,40.81,114.88,64.67,87,63,4.65,CN,1594404921
443,São Miguel do Araguaia,-13.28,-50.16,91.6,25,0,7.07,BR,1594404921
444,Wenshang,35.73,116.5,76.19,65,86,4.23,CN,1594404921
445,Hammerfest,70.66,23.68,46.4,87,75,19.46,NO,1594404921
446,Manono,-7.3,27.42,78.85,42,58,5.41,CD,1594404921
447,Tananger,58.93,5.6,57.2,67,20,19.46,NO,1594404922
448,Bogotol,56.21,89.53,50.25,96,28,10.42,RU,1594404922
449,Veseloyarsk,51.28,81.11,62.15,94,100,8.32,RU,1594404922
450,Bonfim,3.08,-59.95,84.99,63,98,1.41,BR,1594404922
451,Neiafu,-18.65,-173.98,77.0,83,75,9.17,TO,1594404922
452,Nago,26.59,127.98,82.4,88,40,5.82,JP,1594404922
453,Turukhansk,65.82,87.98,52.52,88,100,5.44,RU,1594404922
454,Piove di Sacco,45.3,12.04,87.01,65,14,5.82,IT,1594404923
455,La Palma,33.85,-118.05,84.0,51,1,6.53,US,1594404923
456,Necochea,-38.55,-58.74,48.0,90,100,14.0,AR,1594404923
457,Skjervøy,70.03,20.97,50.0,81,75,3.36,NO,1594404923
458,Ca Mau,9.18,105.15,77.88,91,100,3.44,VN,1594404923
459,Zapolyarnyy,69.42,30.81,50.0,87,75,5.82,RU,1594404923
460,Port Augusta,-32.5,137.77,44.6,100,75,9.17,AU,1594404923
461,Laurel,39.1,-76.85,86.0,69,40,6.93,US,1594404634
462,Viranşehir,37.24,39.76,89.6,20,69,1.52,TR,1594404924
463,Ondangwa,-17.92,15.95,77.0,12,13,6.93,NA,1594404924
464,Bonthe,7.53,-12.51,76.06,87,100,15.46,SL,1594404924
465,Illapel,-31.63,-71.17,66.79,34,63,5.95,CL,1594404924
466,Bassar,9.25,0.78,75.2,88,75,11.41,TG,1594404924
467,Kitimat,54.05,-128.65,55.4,87,90,12.75,CA,1594404924
468,Nome,64.5,-165.41,62.01,55,1,5.82,US,1594404663
469,Rocha,-34.48,-54.33,56.89,65,100,14.88,UY,1594404856
470,Clyde River,70.47,-68.59,62.6,42,75,12.75,CA,1594404856
471,Gimli,50.63,-96.99,77.0,90,9,5.01,CA,1594404849
472,Coquimbo,-29.95,-71.34,59.0,72,54,11.41,CL,1594404925
473,Yarkovo,57.4,67.08,67.51,65,0,3.76,RU,1594404926
474,Macas,-2.32,-78.12,67.77,80,98,1.48,EC,1594404926
475,Saint-Joseph,-21.37,55.62,69.8,64,17,14.99,RE,1594404926
476,Vilyuysk,63.76,121.62,61.83,79,100,7.54,RU,1594404926
477,Medina,24.47,39.61,98.6,9,9,12.75,SA,1594404926
478,Manche,49.0,-1.17,64.4,52,63,11.41,FR,1594404926
479,Norden,53.6,7.2,59.0,58,20,13.87,DE,1594404927
480,Neryungri,56.67,124.65,61.65,86,75,4.9,RU,1594404927
481,Dromolaxia,34.88,33.59,82.4,78,0,11.41,CY,1594404927
482,Chui,-33.7,-53.46,56.44,71,90,10.22,UY,1594404927
483,Albanel,48.88,-72.45,87.8,58,75,5.82,CA,1594404927
484,Cidreira,-30.18,-50.21,60.94,71,0,15.23,BR,1594404927
485,Kaseda-shirakame,31.42,130.32,80.6,83,75,17.22,JP,1594404927
486,Neuquén,-38.95,-68.06,51.8,34,0,29.97,AR,1594404804
487,Huilong,31.81,121.66,78.01,99,95,1.01,CN,1594404928
488,Soe,-9.86,124.28,62.6,100,32,4.81,ID,1594404928
489,Ous,60.91,61.52,75.81,68,78,5.97,RU,1594404928
490,Kota Tinggi,1.74,103.9,78.8,94,20,2.3,MY,1594404928
491,Camacha,33.08,-16.33,71.6,78,75,16.11,PT,1594404928
492,Nouadhibou,20.93,-17.03,73.4,73,0,21.92,MR,1594404928
493,Tawang Town,27.58,91.87,58.93,81,100,1.97,IN,1594404928
494,Algeciras,36.13,-5.45,77.0,69,5,10.29,ES,1594404755
495,San Cristobal,7.77,-72.22,91.4,38,40,17.22,VE,1594404929
496,Nizhneangarsk,55.78,109.55,56.88,80,99,2.91,RU,1594404929
497,Chongqing,29.56,106.55,77.0,88,75,8.95,CN,1594404929
498,Berdigestyakh,62.1,126.7,54.61,95,99,5.21,RU,1594404929
499,Morehead,37.27,-87.18,84.99,58,1,6.93,US,1594404929
500,Abadan,38.05,58.21,91.4,29,75,9.17,TM,1594404929
501,Pimentel,-6.84,-79.93,69.8,60,67,13.87,PE,1594404930
502,Sompeta,18.93,84.6,84.02,79,100,10.2,IN,1594404930
503,Kavaratti,10.57,72.64,82.33,74,100,9.35,IN,1594404930
504,Novikovo,51.15,37.89,63.03,68,9,3.22,RU,1594404930
505,Curaçá,-8.99,-39.91,86.02,42,84,17.09,BR,1594404682
506,Zabaykal'sk,49.63,117.32,63.99,72,0,9.08,RU,1594404930
507,Alamogordo,32.9,-105.96,96.8,16,1,6.93,US,1594404930
508,Wanning,18.8,110.4,82.09,88,99,11.48,CN,1594404931
509,Iralaya,15.0,-83.23,89.6,70,40,9.17,HN,1594404931
510,San Ignacio,17.16,-89.07,88.0,74,75,4.7,BZ,1594404931
511,Port Macquarie,-31.43,152.92,52.0,97,51,6.91,AU,1594404819
512,Goundam,16.41,-3.67,100.15,25,84,7.09,ML,1594404931
513,Cosalá,24.41,-106.69,96.24,34,26,4.12,MX,1594404931
514,Mangan,27.52,88.53,75.76,58,100,0.34,IN,1594404931
515,Waspán,14.74,-83.97,89.6,70,40,9.17,NI,1594404932
516,Coolum Beach,-26.53,153.1,60.01,97,89,2.73,AU,1594404932
517,Celestún,20.87,-90.4,88.25,62,51,11.59,MX,1594404932
518,Otumba,19.7,-98.75,71.6,40,20,5.82,MX,1594404932
519,Tarakan,3.3,117.63,80.46,78,71,0.92,ID,1594404932
520,Yangi Marg`ilon,40.43,71.72,78.8,27,87,9.17,UZ,1594404932
521,Bennettsville,34.62,-79.68,91.99,66,40,4.7,US,1594404932
522,Mt. Pleasant,32.79,-79.86,89.6,70,40,5.82,US,1594404931
523,La Grande,45.32,-118.09,66.99,52,40,4.7,US,1594404932
524,South Shields,55.0,-1.43,64.99,82,40,4.7,GB,1594404933
525,Chalchuapa,13.99,-89.68,73.4,100,40,2.24,SV,1594404933
526,Thinadhoo,0.53,72.93,83.95,75,88,10.09,MV,1594404908
527,Baruun-Urt,46.68,113.28,58.84,87,87,6.26,MN,1594404862
528,Nortelândia,-14.45,-56.8,93.67,22,1,7.2,BR,1594404933
529,Juradó,7.11,-77.76,79.93,85,100,10.11,CO,1594404933
530,Cortez,37.35,-108.59,89.01,10,1,13.87,US,1594404933
531,Trincomalee,8.57,81.23,79.83,80,97,14.38,LK,1594404933
532,Northam,51.03,-4.22,57.99,80,0,10.0,GB,1594404933
533,Tegul'det,57.31,88.17,51.67,93,31,6.46,RU,1594404934
534,Tura,25.52,90.22,75.31,98,100,6.76,IN,1594404821
535,Roboré,-18.33,-59.75,85.71,40,71,13.11,BO,1594404934
536,Puerto Escondido,15.85,-97.07,87.8,62,75,5.82,MX,1594404671
537,Leh,34.17,77.58,61.74,29,28,4.56,IN,1594404934
538,Smithers,54.78,-127.17,53.6,76,90,5.82,CA,1594404842
539,Lagoa,39.05,-27.98,68.43,74,14,5.57,PT,1594404793
540,Sinop Province,41.77,34.87,75.2,69,20,4.7,TR,1594404906
541,Ahome,25.92,-109.18,91.99,41,5,9.17,MX,1594404935
542,Bandarbeyla,9.49,50.81,78.62,79,88,35.79,SO,1594404935
543,Quatre Cocos,-20.21,57.76,72.0,53,75,18.34,MU,1594404935
544,Red Bluff,40.18,-122.24,91.0,25,1,3.38,US,1594404935
545,Moree,-29.47,149.85,55.4,93,75,4.7,AU,1594404935
546,Krasnosel'kup,65.7,82.47,61.77,61,14,14.88,RU,1594404935
547,Road Town,18.42,-64.62,89.6,62,40,12.75,VG,1594404675
548,Saint-Louis,16.33,-15.0,102.2,33,13,2.24,SN,1594404858
